Variable / Field Name,Form Name,Section Header,Field Type,Field Label,"Choices, Calculations, OR Slider Labels",Field Note,Text Validation Type OR Show Slider Number,Text Validation Min,Text Validation Max,Identifier?,Branching Logic (Show field only if...),Required Field?,Custom Alignment,Question Number (surveys only),Matrix Group Name,Matrix Ranking?,Field Annotation
redcapid,register_interview_child_psychiatric,,text,"RedCAP ID (Famid-Indid-Rhinf)

Enter as NNNN-NNN-NNN",,,,,,,,y,,,,,
famid,register_interview_child_psychiatric,,text,Family ID,,,number,1000,9999,,,y,,,,,
indid,register_interview_child_psychiatric,,text,Individual ID,,,number,1,999,,,y,,,,,
rhinf,register_interview_child_psychiatric,,text,Informant ID,,,number,1,999,,,y,,,,,
studyid_calc,register_interview_child_psychiatric,,calc,Study ID (Calculated),([famid]*1000+[indid]),,,,,,,,,,,,
dcscr001a,register_interview_child_psychiatric,,radio,Informant Type,"1, Child | 2, Parent",,,,,,,y,RH,,,,
dcscr002a,register_interview_child_psychiatric,,text,Interview Date,,,date_mdy,,,,,,RH,,,,
dcscr003a,register_interview_child_psychiatric,,dropdown,Interviewer,"35, Unknown (XXX) | 44, Other | 1, Amanda Kalaydjian (AEK) | 2, Amber Knot (AEK) | 43, Anna Van Meter (AVM) | 3, April Szilagi (AMS) | 4, Barbara Usher (BAU) | 49, Beth Foote (BMF) | 5, Brian Smith (BAS) | 6, Cathy Roca (CAR) | 7, Christina Beccue (CAB) | 37, Claudia Choque (CXC) | 50, Diana Lopez (DXL) | 8, Diane Lameira (DML) | 46, Emma Stapp (EKS) | 9, Erin Knight (EFK) | 10, Francesca Belouad (FKB) | 11, Jihui Zhang (JZ) | 12, John Eun (JDE) | 13, Judith Mulvihill (JEM) | 45, Kailyn Witonsky (KFW) | 14, Karen Amer (KGA) | 15, Kathy O'Leary (KOL) | 16, Kelly Murphy (KLM) | 17, Kristin Keefe (KEK) | 38, Lara Baez (LMB) | 18, Leanne Heaton (LLH) | 19, Lisa Misra (LBM) | 36, Martina Lavrisha (MML) | 20, Marcy Burstein (MEB) | 48, Mary Ellen Cadman (MEC) | 42, Megan Tsui (MTT) | 40, Mike Xiao (MXX) | 21, Mitch Kling (MAK) | 22, Nancy Low (NCL) | 23, Nicole Jameson (NDJ) | 39, Rachel Walsh (RFW) | 41, Rebecca Hommer (RXH) | 24, Richard Herrell (RKH) | 25, Roman Duncko (RAD) | 26, Shannon Winter (SNW) | 27, Srirangam Shreeram (SSS) | 28, Sue Goo (SJG) | 29, Suzan Khoromi (SFK) | 30, Suzanne McGarity (SKM) | 31, Taryn Miller (TBM) | 32, Tarannum Lateef (TML) | 33, Vetisha McClair (VLM) | 34, Wendell Wu (WWW)",,,,,,,y,RH,,,,
dcscr004a,register_interview_child_psychiatric,,dropdown,Co-rater 1,"35, Unknown (XXX) | 44, Other | 1, Amanda Kalaydjian (AEK) | 2, Amber Knot (AEK) | 43, Anna Van Meter (AVM) | 3, April Szilagi (AMS) | 4, Barbara Usher (BAU) | 49, Beth Foote (BMF) | 5, Brian Smith (BAS) | 6, Cathy Roca (CAR) | 7, Christina Beccue (CAB) | 37, Claudia Choque (CXC) | 50, Diana Lopez (DXL) | 8, Diane Lameira (DML) | 46, Emma Stapp (EKS) | 9, Erin Knight (EFK) | 10, Francesca Belouad (FKB) | 11, Jihui Zhang (JZ) | 12, John Eun (JDE) | 13, Judith Mulvihill (JEM) | 45, Kailyn Witonsky (KFW) | 14, Karen Amer (KGA) | 15, Kathy O'Leary (KOL) | 16, Kelly Murphy (KLM) | 17, Kristin Keefe (KEK) | 38, Lara Baez (LMB) | 18, Leanne Heaton (LLH) | 19, Lisa Misra (LBM) | 36, Martina Lavrisha (MML) | 20, Marcy Burstein (MEB) | 48, Mary Ellen Cadman (MEC) | 42, Megan Tsui (MTT) | 40, Mike Xiao (MXX) | 21, Mitch Kling (MAK) | 22, Nancy Low (NCL) | 23, Nicole Jameson (NDJ) | 39, Rachel Walsh (RFW) | 41, Rebecca Hommer (RXH) | 24, Richard Herrell (RKH) | 25, Roman Duncko (RAD) | 26, Shannon Winter (SNW) | 27, Srirangam Shreeram (SSS) | 28, Sue Goo (SJG) | 29, Suzan Khoromi (SFK) | 30, Suzanne McGarity (SKM) | 31, Taryn Miller (TBM) | 32, Tarannum Lateef (TML) | 33, Vetisha McClair (VLM) | 34, Wendell Wu (WWW)",,,,,,,,RH,,,,
dcscr004b,register_interview_child_psychiatric,,dropdown,Co-rater 2,"35, Unknown (XXX) | 44, Other | 1, Amanda Kalaydjian (AEK) | 2, Amber Knot (AEK) | 43, Anna Van Meter (AVM) | 3, April Szilagi (AMS) | 4, Barbara Usher (BAU) | 49, Beth Foote (BMF) | 5, Brian Smith (BAS) | 6, Cathy Roca (CAR) | 7, Christina Beccue (CAB) | 37, Claudia Choque (CXC) | 50, Diana Lopez (DXL) | 8, Diane Lameira (DML) | 46, Emma Stapp (EKS) | 9, Erin Knight (EFK) | 10, Francesca Belouad (FKB) | 11, Jihui Zhang (JZ) | 12, John Eun (JDE) | 13, Judith Mulvihill (JEM) | 45, Kailyn Witonsky (KFW) | 14, Karen Amer (KGA) | 15, Kathy O'Leary (KOL) | 16, Kelly Murphy (KLM) | 17, Kristin Keefe (KEK) | 38, Lara Baez (LMB) | 18, Leanne Heaton (LLH) | 19, Lisa Misra (LBM) | 36, Martina Lavrisha (MML) | 20, Marcy Burstein (MEB) | 48, Mary Ellen Cadman (MEC) | 42, Megan Tsui (MTT) | 40, Mike Xiao (MXX) | 21, Mitch Kling (MAK) | 22, Nancy Low (NCL) | 23, Nicole Jameson (NDJ) | 39, Rachel Walsh (RFW) | 41, Rebecca Hommer (RXH) | 24, Richard Herrell (RKH) | 25, Roman Duncko (RAD) | 26, Shannon Winter (SNW) | 27, Srirangam Shreeram (SSS) | 28, Sue Goo (SJG) | 29, Suzan Khoromi (SFK) | 30, Suzanne McGarity (SKM) | 31, Taryn Miller (TBM) | 32, Tarannum Lateef (TML) | 33, Vetisha McClair (VLM) | 34, Wendell Wu (WWW)",,,,,,,,RH,,,,
dcscr004c,register_interview_child_psychiatric,,text,Duration of Interview,,MINUTES,number,,,,,,RH,,,,
entry,register_interview_child_psychiatric,,dropdown,Entry,"26, Unknown | 33, Other | 37, Alyssa McGraw | 42, Amanda Riddle | 32, Anna Van Meter | 40, Beth Foote | 2, Brian Smith | 3, Brooke Sheppard | 1, Claudia Choque | 6, Cortlyn Brown | 41, Diana Lopez | 8, Diana Paksarian | 7, Diane Lameira | 38, Emily Yuen | 36, Emma Stapp | 9, Erin Nakamura | 10, Francesca Belouad | 13, Jaclyn Dozier Franco | 14, Jennifer Glaus | 11, John Eun | 12, Joshua Lucksom | 15, Lihong Cui | 35, Kailyn Witonsky | 17, Kathleen Merikangas | 16, Kathy O'Leary | 43, Kimya Shirazi | 19, Lara Baez | 18, Lisa Misra | 34, Maggie Lin | 4, Martina Lavrisha | 39, Mary Ellen Cadman | 20, Matt Takahashi | 31, Megan Tsui | 29, Michelle Tutmaher | 5, Mike Xiao | 21, Nicole Jameson | 22, Rachel Walsh | 30, Rebecca Hommer | 27, Sara Zahir | 23, Sue Goo | 24, Tarannum Lateef | 25, Victoria Flagg | 44, Wei Guo",,autocomplete,,,,,y,,,,,
comp_only,register_interview_child_psychiatric,,radio,Computerized version only,"0, No | 1, Yes",,,,,,,y,RH,,,,
dctlo005,timeline,"
 TIMELINE
 
",text,What is your birthday?,,,date_mdy,,,,,,,,,,
dctlo008,timeline,"
 TIMELINE
 
",dropdown,"So, how old are you?","1, 1 | 2, 2 | 3, 3 | 4, 4 | 5, 5 | 6, 6 | 7, 7 | 8, 8 | 9, 9 | 10, 10 | 11, 11 | 12, 12 | 13, 13 | 14, 14 | 15, 15 | 16, 16 | 17, 17 | 18, 18 | 997, 997 | 998, 998 | 999, 999",AGE,autocomplete,,,,,,,,,,
dctlo009,timeline,"
 TIMELINE
 
",dropdown,What is your grade in school? (or last completed grade),"100, Pre-K | 0, Kindergarten | 1, 1st | 2, 2nd | 3, 3rd | 4, 4th | 5, 5th | 6, 6th | 7, 7th | 8, 8th | 9, 9th | 10, 10th | 11, 11th | 12, 12th | 13, College Freshman | 14, College Sophomore | 15, College Junior | 16, College Senior | 997, 997 | 998, 998 | 999, 999",GRADE,autocomplete,1,12,,,,,,,,
dctlo010,timeline,"
 HOME",notes,"Now I'd like to learn more about you (your child), where you live, your school, your family and your friends. Where did you first live when you were growing up?",,,,,,,,,LH,,,,
dctlo011,timeline,"
 HOME",notes,"Who did you live with there?  (mother, father, siblings, extended family, other)",,,,,,,,,LH,,,,
dctlo012,timeline,"
 HOME",notes,1. Any moves?,,,,,,,,,LH,,,,
dctlo013,timeline,"
 HOME",notes,2. Parental marriage/separation/divorce,,,,,,,,,LH,,,,
dctlo014,timeline,"
 HOME",notes,3. Do you have any brothers and/or sisters? Are they older or younger? Do they live with you?,,,,,,,,,LH,,,,
dctlo015,timeline,"
 HOME",notes,4. How well do you get a long with your parents and siblings?  Do you do things together?,,,,,,,,,LH,,,,
dctlo016,timeline,"
 SCHOOL 
",notes,1. When did your last school year begin? When did it end? When did summer break begin?,,,,,,,,,LH,,,,
dctlo017,timeline,"
 SCHOOL 
",notes,"2.  Changing schools (grade school to junior high to high school to moves)
",,,,,,,,,LH,,,,
dctlo018,timeline,"
 SCHOOL 
",notes,3. Did you ever have problems with your grades in school? Get into trouble for your behavior at school?,,,,,,,,,LH,,,,
dctlo019,timeline,"
 SCHOOL 
",notes,"4. Do you (your child) have an Individualized Educational Plan (IEP)? If yes, what is the reason? Learning and/or emotional problems? Describe:
",,,,,,,,,LH,,,,
dctlo020,timeline,"
 PEERS
",notes,1. Do you have friends in school?,,,,,,,,,LH,,,,
dctlo021,timeline,"
 PEERS
",notes,2. How often do you see them outside of school?,,,,,,,,,LH,,,,
dctlo022,timeline,"
 PEERS
",notes,3. Do you have friends in other places (e.g. neighborhoods and/or clubs)?,,,,,,,,,LH,,,,
dctlo023,timeline,"
 PEERS
",notes,4. Do you have problems making/keeping friends?,,,,,,,,,LH,,,,
dctlo024,timeline,"
 PEERS
",notes,5. Do you often fight/argue with friends?,,,,,,,,,LH,,,,
dctlo025,timeline,"
 PEERS
",notes,6. Do you get into trouble with friends?,,,,,,,,,LH,,,,
dctlo026,timeline,"
 SIGNIFICANT EVENTS
",notes,"Are there any other things that happened in your life that stand out for you as very important? Things that may have happened to you like memorable vacations, team sports, your friends, your family? (positive or negative)",,,,,,,,,LH,,,,
ctlo0,timeline,"
 SCHOOL FUNCTIONING

",radio,The next questions refer to the current school year (when on summer break refer to the past school year). Is the child out of high school?,"0, No | 1, Yes",,,,,,,,RH,,,,
dctlo027,timeline,,dropdown,Date at beginning of school year (Month),"1, 1 | 2, 2 | 3, 3 | 4, 4 | 5, 5 | 6, 6 | 7, 7 | 8, 8 | 9, 9 | 10, 10 | 11, 11 | 12, 12 | 97, 97 | 98, 98 | 99, 99",MONTH,autocomplete,,,,[ctlo0] = '0',,,,,,
dctlo028,timeline,,text,Date at beginning of school year (Year),,YEAR,number,1900,9999,,[ctlo0] = '0',,,,,,
dctlo031,timeline,"

How are you doing in school? What subjects do you have? What kind of grades do you get?

Please rate academic subjects on the following scale. List any additional academic subjects and review ratings. 
",radio,Reading/English,"1, Above Average | 2, Average | 3, Below Average | 4, Failing",,,,,,[ctlo0] = '0',,,,dctlo031,,
dctlo032,timeline,,radio,Arithmetic/Math,"1, Above Average | 2, Average | 3, Below Average | 4, Failing",,,,,,[ctlo0] = '0',,,,dctlo031,,
dctlo33,timeline,,text,Other subject 1,,OTHER SUBJECT 1,,,,,[ctlo0] = '0',,,,,,
dctlo34,timeline,,radio,Other subject 1,"1, Above Average | 2, Average | 3, Below Average | 4, Failing",,,,,,[ctlo0] = '0',,LH,,,,
dctlo35,timeline,,text,Other subject 2,,OTHER SUBJECT 2,,,,,[ctlo0] = '0',,,,,,
dctlo36,timeline,,radio,Other subject 2,"1, Above Average | 2, Average | 3, Below Average | 4, Failing",,,,,,[ctlo0] = '0',,LH,,,,
dctlo37,timeline,,text,Other subject 3,,OTHER SUBJECT 3,,,,,[ctlo0] = '0',,,,,,
dctlo38,timeline,,radio,Other subject 3,"1, Above Average | 2, Average | 3, Below Average | 4, Failing",,,,,,[ctlo0] = '0',,LH,,,,
dctlo039,timeline,,radio,"Are there different reading and arithmetic groups in your class at school? Which group are you in? Review ratings (specify academic ""track"" or group). If discrepancies exist, make notes but code for highest achievement.","1, Above average | 2, Average | 3, Below average | 4, Far below average | 9, Not applicable",,,,,,[ctlo0] = '0',,LH,,,,
dctlo040,timeline,,radio,"During the school year, how much TV do you usually watch every week? After school? After dinner? On Saturday or Sunday?","1, 7 or fewer hours per week | 2, 8-14 hours per week | 3, 15-21 hours per week | 4, 22-35 hours per week | 5, Greater than 35 hours per week | 9, Unk",,,,,,[ctlo0] = '0',,,,dctlo040,,
dctlo041,timeline,,radio,How much time do you spend playing video/computer games every week? After school? After dinner? On Saturday or Sunday?,"1, 7 or fewer hours per week | 2, 8-14 hours per week | 3, 15-21 hours per week | 4, 22-35 hours per week | 5, Greater than 35 hours per week | 9, Unk",,,,,,[ctlo0] = '0',,,,dctlo040,,
dctlo042,timeline,"

 PARENT ABOUT CHILD 
",radio,Does (child's name) have any serious problems?,"0, No | 1, Yes | 9, Unk",,,,,,,,,,dctlo042,,
dctlo043,timeline,"

 PARENT ABOUT CHILD 
",radio,At home?,"0, No | 1, Yes | 9, Unk",,,,,,[dctlo042] = '1',,,,dctlo042,,
dctlo044,timeline,"

 PARENT ABOUT CHILD 
",radio,At school?,"0, No | 1, Yes | 9, Unk",,,,,,[dctlo042] = '1',,,,dctlo042,,
dctlo045,timeline,"

 PARENT ABOUT CHILD 
",radio,With friends?,"0, No | 1, Yes | 9, Unk",,,,,,[dctlo042] = '1',,,,dctlo042,,
dctlo046,timeline,"

 PARENT ABOUT CHILD 
",radio,Would you say that (child's name) has a good sense of humor?,"0, No | 1, Yes | 9, Unk",,,,,,,,,,dctlo042,,
dctlo047,timeline,"

 PARENT ABOUT CHILD 
",radio,Would you say that (child's name) has personality traits that cause problems for him/her?,"0, No | 1, Yes | 9, Unk",,,,,,,,,,dctlo042,,
dctlo048,timeline,"

 PARENT ABOUT CHILD 
",radio,Is your child nervous or fearful?,"0, No | 1, Yes | 9, Unk",,,,,,,,,,dctlo042,,
dctlo049,timeline,"

 PARENT ABOUT CHILD 
",radio,Would you describe him/her as shy?,"0, No | 1, Yes | 9, Unk",,,,,,,,,,dctlo042,,
dctlo050,timeline,"

 PARENT ABOUT CHILD 
",radio,What about his/her moods?  Is he/she moody?,"0, No | 1, Yes | 9, Unk",,,,,,,,,,dctlo042,,
dctlo051,timeline,"

 PARENT ABOUT CHILD 
",radio,Does he/she have a bad temper?,"0, No | 1, Yes | 9, Unk",,,,,,,,,,dctlo042,,
dctlo052,timeline,"

 PARENT ABOUT CHILD 
",radio,Is he/she sensitive to the feelings of others? Too sensitive?(rate on this one),"0, No | 1, Yes | 9, Unk",,,,,,,,,,dctlo042,,
dctlo053,timeline,"
 CHILD ABOUT SELF
",notes,"What do you enjoy most? (e.g. hobbies, sports, clubs, etc.)",,,,,,,,,LH,,,,
dctlo054,timeline,"
 CHILD ABOUT SELF
",notes,Is there anything that makes you afraid?,,,,,,,,,LH,,,,
dctlo055,timeline,"
 CHILD ABOUT SELF
",notes,Are you nervous a lot?,,,,,,,,,LH,,,,
dctlo056,timeline,"
 CHILD ABOUT SELF
",notes,"Do you mostly like to be with other kids, or by yourself?",,,,,,,,,LH,,,,
dctlo057,timeline,"
 CHILD ABOUT SELF
",notes,How would you describe yourself?,,,,,,,,,LH,,,,
dctlo058,timeline,"
 CHILD ABOUT SELF
",notes,Have you had any problems with your family or your friends?,,,,,,,,,LH,,,,
dctlo059,timeline,"
 CHILD ABOUT SELF
",notes,Have you had any serious problems?,,,,,,,,,LH,,,,
dctlo060,timeline,"
 CHILD ABOUT SELF
",notes,Notes,,,,,,,,,LH,,,,
dctlo061,timeline,"
 OVERVIEW OF EMOTIONAL OR BEHAVIOR PROBLEMS",radio,"Have you ever had problems with your feelings, nerves, or mood?","0, No | 1, Yes | 9, Unk",,,,,,,,,,dctlo061,,
dctlo062,timeline,"
 OVERVIEW OF EMOTIONAL OR BEHAVIOR PROBLEMS",radio,"What about problems with the way you act, things you do, or your behavior?","0, No | 1, Yes | 9, Unk",,,,,,,,,,dctlo061,,
dctlo063,timeline,"
 OVERVIEW OF EMOTIONAL OR BEHAVIOR PROBLEMS",radio,Have you ever received help for these problems or thought that you needed help?,"0, No | 1, Yes | 9, Unk",,,,,,,,,,dctlo061,,
dctlo064,timeline,,notes,"
INTERVIEWER: If child/parent endorses treatment of any kind, identify the primary reason for treatment (ADHD, MDD, etc.) and code at the end of the appropriate section.
",,,,,,,,,LH,,,,
ctlo_end,timeline,,text,"
INTERVIEWER: END Timeline section.
",,,,,,,,,,,,,
cscr0,screener,GENERAL PROBES,text,"


INTERVIEWER: Use timeline to date treatment, symptoms, etc. 




",,,,,,,,,,,,,
dcscr005,screener,TREATMENT,radio,"Have you ever talked to a counselor, psychologist, social worker, psychiatrist or some other professional about your feelings or problems with your mood or behaviors? Or are you currently taking medication because of your emotions and/or behaviors?","0, No | 1, Yes | 9, Unk",,,,,,,,LH,,,,
dcscr006,screener,TREATMENT,notes,Who was it and why did you speak to them?,,,,,,,[dcscr005] = '1',,LH,,,,
dcscr007,screener,TREATMENT,text,"How many separate times did you go to see someone?


INTERVIEWER: Clarify that these are distinct periods of outpatient services, not individual appointments.
",,TIMES,number,,,,[dcscr005] = '1',,,,,,
dcscr008,screener,TREATMENT,radio,How long did you see someone in total?,"1, Less than 6 months | 2, 6 months to 2 years | 3, Over 2 years",,,,,,[dcscr005] = '1',,LH,,,,
dcscr009,screener,TREATMENT,text,About how many talk sessions did you have in total?,,NUMBER,number,,,,[dcscr005] = '1',,,,,,
dcscr010,screener,"
IN-PATIENT TREATMENT
",radio,"Have you ever had to go to a hospital and stay overnight because of problems with your mood, feelings, or how you were acting?


INTERVIEWER:  Refer to Table of Hospitalizations in the Medical History section. 
","0, No | 1, Yes | 9, Unk",,,,,,[dcscr005] = '1',,LH,,,,
dcscr011,screener,"
IN-PATIENT TREATMENT
",notes,When and what happened that lead to you going to the hospital?,,,,,,,[dcscr010] = '1',,LH,,,,
dcscr012,screener,"
HELP SUGGESTED
",radio,"Have you or anyone else (like your friends, parents, or teachers) ever thought you needed help because of problems with your mood, feelings, or how you were acting?","0, No | 1, Yes | 9, Unk",,,,,,[dcscr005] = '0' or [dcscr010] = '0',,LH,,,,
dcscr013,screener,"
HELP SUGGESTED
",notes,"If so, who and what did they say?",,,,,,,[dcscr012] = '1',,LH,,,,
cscr4.5,screener,SCREENING PROBES,text,"
I'm now going to ask you some more questions about your feelings, behavior and mood.


",,,,,,,,,,,,,
cscr4,screener,OVERANXIOUS/GENERALIZED ANXIETY DISORDER,text,"




Some young people worry a lot. They may often feel nervous, anxious or unable to relax.  They may have times when they worry a lot more than usual.
",,,,,,,,,,,,,
dcscr014,screener,OVERANXIOUS/GENERALIZED ANXIETY DISORDER,radio,Have you ever been a worrier?,"0, No | 1, Yes | 9, Unk",,,,,,,,,,dcscr014,,
dcscr015,screener,OVERANXIOUS/GENERALIZED ANXIETY DISORDER,radio,Did you worry a lot more than most children your age?,"0, No | 1, Yes | 9, Unk",,,,,,,,,,dcscr014,,
dcscr016,screener,OVERANXIOUS/GENERALIZED ANXIETY DISORDER,radio,Has there ever been a time when you felt nervous or scared a lot of the time?,"0, No | 1, Yes | 9, Unk",,,,,,,,,,dcscr014,,
dcscr017,screener,OVERANXIOUS/GENERALIZED ANXIETY DISORDER,radio,Has anyone said that you are a worrier or that you worry too much?,"0, No | 1, Yes | 9, Unk",,,,,,[dcscr015] = '1' or [dcscr016] = '1' or [dcscr014] = '1',,,,dcscr014,,
dcscr018,screener,OVERANXIOUS/GENERALIZED ANXIETY DISORDER,notes,Who said that you were a worrier?,,,,,,,[dcscr015] = '1' or [dcscr016] = '1' or [dcscr014] = '1',,LH,,,,
dcscr019,screener,OVERANXIOUS/GENERALIZED ANXIETY DISORDER,notes,Why did he/she say that you were a worrier?,,,,,,,[dcscr015] = '1' or [dcscr016] = '1' or [dcscr014] = '1',,LH,,,,
cscr5,screener,SEPARATION ANXIETY,text,"


Some young people worry a lot about being away from their parents or the grown-up who takes care of them.   
",,,,,,,,,,,,,
dcscr020,screener,SEPARATION ANXIETY,radio,"Since you were 5 years old, has there ever been a time when you had a lot of worries about your (attachment figures) and were very upset when you were away from him/her?","0, No | 1, Yes | 9, Unk",,,,,,,,,,dcscr020,,
dcscr021,screener,SEPARATION ANXIETY,radio,Did you worry about this more than most children your age?,"0, No | 1, Yes | 9, Unk",,,,,,[dcscr020] = '1',,,,dcscr020,,
dcscr022,screener,SEPARATION ANXIETY,radio,Has there ever been a time when you wanted to stay home from school or not go to other places without your (attachment figures)?,"0, No | 1, Yes | 9, Unk",,,,,,,,,,dcscr020,,
cscr6,screener,,text,"


INTERVIEWER: For disruptive behavior disorders (ADHD, ODD, CD), complete the diagnostic section if any of the probes are endorsed.
",,,,,,,,,,,,,
cscr7,screener,ATTENTION DEFICIT HYPERACTIVITY DISORDER (ADHD),text,"
Some children have trouble paying attention and following instructions. They may be distracted easily and forget what they are supposed to do. These children often have difficulty staying still, are always on the go and often interrupt people. 
",,,,,,,,,,,,,
dcscr023,screener,"ATTENTION DEFICIT HYPERACTIVITY DISORDER (ADHD) 
Did you often:",radio,"Have trouble paying attention or keeping your mind on your school work, chores, or other activities that you were doing?","0, No | 1, Yes | 9, Unk",,,,,,,,,,dcscr023,,
dcscr024,screener,"ATTENTION DEFICIT HYPERACTIVITY DISORDER (ADHD) 
Did you often:",radio,"Have problems following instructions and often fail to finish school, work, or other things you meant to get done?","0, No | 1, Yes | 9, Unk",,,,,,,,,,dcscr023,,
dcscr025,screener,"ATTENTION DEFICIT HYPERACTIVITY DISORDER (ADHD) 
Did you often:",radio,Have difficulty sitting still for more than a few minutes at a time?,"0, No | 1, Yes | 9, Unk",,,,,,,,,,dcscr023,,
dcscr026,screener,"ATTENTION DEFICIT HYPERACTIVITY DISORDER (ADHD) 
Did you often:",radio,Did a teacher ever talk to your parents about problems paying attention or sitting still?,"0, No | 1, Yes | 9, Unk",,,,,,,,,,dcscr023,,
cscr9,screener,OPPOSITIONAL DEFIANT DISORDER (ODD),text,"


Some children and adolescents do things that can get them into trouble with adults, like getting angry, arguing or talking back to adults, refusing to do what adults ask them to do, annoying people on purpose, or being touchy, grouchy, or irritable.",,,,,,,,,,,,,
dcscr027,screener,OPPOSITIONAL DEFIANT DISORDER (ODD),radio,"Was there a time when you did things that got you into trouble with adults such as losing your temper, arguing with or talking back to adults, or being grouchy or irritable with them?","0, No | 1, Yes | 9, Unk",,,,,,,,,,dcscr027,,
dcscr028,screener,OPPOSITIONAL DEFIANT DISORDER (ODD),radio,Was there a time when you got into trouble with adults for refusing to do what they told you to do?,"0, No | 1, Yes | 9, Unk",,,,,,,,,,dcscr027,,
dcscr029,screener,OPPOSITIONAL DEFIANT DISORDER (ODD),radio,Did you often annoy other people on purpose?,"0, No | 1, Yes | 9, Unk",,,,,,,,,,dcscr027,,
dcscr030,screener,OPPOSITIONAL DEFIANT DISORDER (ODD),radio,"Did you ever get into trouble for getting even with other people by doing things to hurt them, telling lies about them, or messing up their things?","0, No | 1, Yes | 9, Unk",,,,,,,,,,dcscr027,,
cscr10,screener,CONDUCT DISORDER,text,"


Some young people do other things that may get them into trouble with adults like breaking rules or getting into trouble with the police or other authorities if they get caught. They may lie a lot, steal, skip school, smoke or drink.",,,,,,,,,,,,,
dcscr031,screener,CONDUCT DISORDER,radio,"Was there ever a time when you did things that got you into trouble with adults like lying, stealing or breaking rules?","0, No | 1, Yes | 9, Unk",,,,,,,,,,dcscr031,,
dcscr032,screener,CONDUCT DISORDER,radio,"Did you ever skip school, stay out at night later than you were supposed to, or run away from home overnight?","0, No | 1, Yes | 9, Unk",,,,,,,,,,dcscr031,,
dcscr033,screener,CONDUCT DISORDER,radio,"Did you ever set fires, break into cars, or destroy someone else's property on purpose?","0, No | 1, Yes | 9, Unk",,,,,,,,,,dcscr031,,
dcscr034,screener,CONDUCT DISORDER,radio,Do you have a probation officer or have you ever been on probation?,"0, No | 1, Yes | 9, Unk",,,,,,,,,,dcscr031,,
dcscr035,screener,CONDUCT DISORDER,notes,"If yes, what happened?",,,,,,,[dcscr034] = '1',,LH,,,,
cscr11,screener,SPECIFIC PHOBIA,text,"


Some people have fears of things, like spiders, heights, elevators, dogs, blood, or shots.  When they are faced with the thing that they fear, they become very frightened and upset even though there is no real danger.  They may go out of their way to stay away from the thing that they fear.
",,,,,,,,,,,,,
dcscr036,screener,"SPECIFIC PHOBIA 
Have you ever been very nervous or afraid of:",radio,"Animals or bugs, like dogs, snakes, or spiders?","0, No | 1, Yes | 9, Unk",,,,,,,,,,dcscr036,,
dcscr037,screener,"SPECIFIC PHOBIA 
Have you ever been very nervous or afraid of:",radio,"Being in really high places, like a roof or tall building?","0, No | 1, Yes | 9, Unk",,,,,,,,,,dcscr036,,
dcscr038,screener,"SPECIFIC PHOBIA 
Have you ever been very nervous or afraid of:",radio,"Water or situations involving water, such as a swimming pool, lake, or ocean?","0, No | 1, Yes | 9, Unk",,,,,,,,,,dcscr036,,
dcscr039,screener,"SPECIFIC PHOBIA 
Have you ever been very nervous or afraid of:",radio,"Storms, thunder, or lightning?","0, No | 1, Yes | 9, Unk",,,,,,,,,,dcscr036,,
dcscr040,screener,"SPECIFIC PHOBIA 
Have you ever been very nervous or afraid of:",radio,"Doctors, needles, or blood?","0, No | 1, Yes | 9, Unk",,,,,,,,,,dcscr036,,
dcscr041,screener,"SPECIFIC PHOBIA 
Have you ever been very nervous or afraid of:",radio,"Closed spaces, like elevators or closets?","0, No | 1, Yes | 9, Unk",,,,,,,,,,dcscr036,,
dcscr042,screener,"SPECIFIC PHOBIA 
Have you ever been very nervous or afraid of:",radio,Flying or airplanes?,"0, No | 1, Yes | 9, Unk",,,,,,,,,,dcscr036,,
dcscr043,screener,"SPECIFIC PHOBIA 
Have you ever been very nervous or afraid of:",radio,Other?,"0, No | 1, Yes | 9, Unk",,,,,,,,,,dcscr036,,
cscr15,screener,SOCIAL/PERFORMANCE ANXIETY,text,"


Most people feel uncomfortable when they have to speak in front of people, meet new people, or when they are in situations in which they may say or do something embarrassing.  Some people become so uncomfortable in these situations that they either stay away from them or become very upset, even though they know that it doesn't make sense.",,,,,,,,,,,,,
dcscr044,screener,"SOCIAL/PERFORMANCE ANXIETY
Was there ever a time in your life:",radio,"When you felt very afraid or really, really shy with people, like meeting new people, going to parties, or eating or drinking in front of others?","0, No | 1, Yes | 9, Unk",,,,,,,,,,dcscr044,,
dcscr045,screener,"SOCIAL/PERFORMANCE ANXIETY
Was there ever a time in your life:",radio,"When you felt very afraid or uncomfortable when you had to do something in front of a group of people, like speaking in class?","0, No | 1, Yes | 9, Unk",,,,,,,,,,dcscr044,,
cscr18,screener,PANIC DISORDER,text,"
Some people have what we call ""panic or anxiety attacks"".  In these kinds of attacks, people become very scared, even though there is nothing around to frighten them.  Sometimes, they feel they can't breathe or their heart beats fast.  The attacks come on very quickly and then go away.",,,,,,,,,,,,,
dcscr046,screener,PANIC DISORDER,radio,Have you ever had an attack like this?,"0, No | 1, Yes | 9, Unk",,,,,,,,LH,,,,
dcscr047,screener,PANIC DISORDER,notes,Describe,,,,,,,[dcscr046] = '1',,LH,,,,
dcscr048,screener,PANIC DISORDER,radio,"Has there ever been a time when all of a sudden you felt very, very scared or uncomfortable and your chest hurt, you couldn't catch your breath, your heart beat very fast, or you felt very shaky?","0, No | 1, Yes | 9, Unk",,,,,,[dcscr046] = '0',,,,dcscr048,,
dcscr049,screener,PANIC DISORDER,radio,"Has there ever been a time when all of a sudden, you felt that something terrible was going to happen, that you were going crazy, or going to die?","0, No | 1, Yes | 9, Unk",,,,,,[dcscr046] = '0',,,,dcscr048,,
dcscr050,screener,"
PANIC DISORDER COURSE
",text,How many of these attacks have you had?,,NUMBER OF ATTACKS,,,,,[dcscr046] = '1' or [dcscr048] = '1' or [dcscr049] = '1',,RH,,,,
dcscr051,screener,"
AGORAPHOBIA",radio,"
Have you ever been very nervous or afraid of being in crowds, going to public places, traveling by yourself, traveling away from home, or using public transportation like a bus or the metro?","0, No | 1, Yes | 9, Unk",,,,,,,,LH,,,,
dcscr052,screener,"
AGORAPHOBIA",radio,Have you been afraid about (insert situation) because you were worried about having a scary/strange feeling in your body or other body problem(s)?,"0, No | 1, Yes | 9, Unk",,,,,,[dcscr051] = '1',,,,dcscr052,,
dcscr053,screener,"
AGORAPHOBIA",radio,"Have you been afraid of being in places because you were worried that you might get trapped, couldn't escape, would be embarrassed to escape or couldn't get help?","0, No | 1, Yes | 9, Unk",,,,,,[dcscr051] = '1',,,,dcscr052,,
cscr24,screener,OBSESSIVE COMPULSIVE DISORDER,text,"
Some people have unpleasant thoughts or feelings to do things that keep coming back over and over again and they can't get them out of their head. These thoughts sometimes make these people feel like they have to do things over and over again (like washing their hands, counting, or checking things).",,,,,,,,,,,,,
dcscr054,screener,OBSESSIVE COMPULSIVE DISORDER,radio,"Have you ever been bothered by thoughts that don't make sense to you, that come over and over again and won't go away?","0, No | 1, Yes | 9, Unk",,,,,,,,,,dcscr054,,
dcscr055,screener,OBSESSIVE COMPULSIVE DISORDER,radio,Did these thoughts continue to bother you no matter how hard you tried to get rid of them or ignore them?,"0, No | 1, Yes | 9, Unk",,,,,,[dcscr054] = '1',,,,dcscr054,,
dcscr056,screener,OBSESSIVE COMPULSIVE DISORDER,radio,"Have you ever had to do something over and over again like washing your hands, or re-arranging or touching things in a certain way that would have made you feel really nervous if you couldn't do it?","0, No | 1, Yes | 9, Unk",,,,,,,,,,dcscr054,,
dcscr057,screener,OBSESSIVE COMPULSIVE DISORDER,radio,"Have you ever saved up so many things that people complain or they got in the way? 
INTERVIEWER: Clarify that this is NOT parents complaining that child needs to clean room/tidy up. 
","0, No | 1, Yes | 9, Unk",,,,,,,,,,dcscr054,,
dcscr058,screener,OBSESSIVE COMPULSIVE DISORDER,notes,Please explain:,,,,,,,[dcscr057] = '1',,LH,,,,
dcscr059,screener,OBSESSIVE COMPULSIVE DISORDER,radio,Do you feel the need to do things just right (like they have to be perfect)?,"0, No | 1, Yes | 9, Unk",,,,,,,,LH,,,,
cscr25,screener,OBSESSIVE COMPULSIVE DISORDER,text,"What is the longest period that you have had these thoughts or behaviors? (N Days, Weeks, Months, Years)",,,,,,,[dcscr054] = '1' or [dcscr056] = '1' or [dcscr057] = '1' or [dcscr059] = '1',,,,,,
dcscr064,screener,OBSESSIVE COMPULSIVE DISORDER,radio,Did they prevent you from doing things you normally would do?,"0, No | 1, Yes | 9, Unk",,,,,,[dcscr054] = '1' or [dcscr056] = '1' or [dcscr057] = '1' or [dcscr059] = '1',,,,dcscr064,,
dcscr065,screener,OBSESSIVE COMPULSIVE DISORDER,radio,Did having these thoughts or behaviors bother you a lot?,"0, No | 1, Yes | 9, Unk",,,,,,[dcscr054] = '1' or [dcscr056] = '1' or [dcscr057] = '1' or [dcscr059] = '1',,,,dcscr064,,
dcscr066,screener,"
EATING DISORDERS
",radio,"Was there ever a time when you felt really fat or heavy, but other people said that you were too thin?","0, No | 1, Yes | 9, Unk",,,,,,,,,,dcscr066,,
dcscr067,screener,"
EATING DISORDERS
",radio,"At that time, did you lose a lot of weight on purpose (like you were trying to do so)?","0, No | 1, Yes | 9, Unk",,,,,,[dcscr066] = '1',,,,dcscr066,,
dcscr068,screener,"
EATING DISORDERS
",radio,Has there been a time when your eating was out of control - you'd eat a large amount of food in a short period of time and could not stop yourself?,"0, No | 1, Yes | 9, Unk",,,,,,,,,,dcscr066,,
dcscr069,screener,"
EATING DISORDERS
",radio,"At that time, did you ever do anything to stop yourself from gaining weight like taking pills or making yourself throw up?","0, No | 1, Yes | 9, Unk",,,,,,[dcscr068] = '1',,,,dcscr066,,
cscr27,screener,,text,"
INTERVIEWER: If any probes are endorsed, complete entire eating section.
",,,,,,,[dcscr066] = '1' or [dcscr068] = '1',,,,,,
cscr28,screener,DEPRESSION,text,"
Some people have times when they feel sad, depressed, irritable or moody. They no longer enjoy the things they used to do; they may feel tired and have less energy than usual.  These changes are much different from their usual selves.
",,,,,,,,,,,,,
dcscr070,screener,DEPRESSION,radio,Has there ever been a time when you felt sad or depressed most of the time?,"0, No | 1, Yes | 9, Unk",,,,,,,,,,dcscr070,,
dcscr071,screener,DEPRESSION,radio,"Has there ever been a time when you cried a lot, or felt like crying?","0, No | 1, Yes | 9, Unk",,,,,,,,,,dcscr070,,
dcscr072,screener,DEPRESSION,radio,Was this different from how you usually are?,"0, No | 1, Yes | 9, Unk",,,,,,[dcscr070] = '1' or [dcscr071] = '1',,,,dcscr070,,
cscr29,screener,DEPRESSION,text,"

INTERVIEWER: Sometimes a child will initially give a negative answer; if current sadness/depressed affect/state is evident, ask about current mood.
",,,,,,,,,,,,,
dcscr073,screener,DEPRESSION,radio,"Has there ever been a time when you felt grouchy, irritable or in a bad mood most of the time; even little things would make you mad?","0, No | 1, Yes | 9, Unk",,,,,,,,,,dcscr073,,
dcscr074,screener,DEPRESSION,radio,Was this different from how you usually are?,"0, No | 1, Yes | 9, Unk",,,,,,[dcscr073] = '1',,,,dcscr073,,
dcscr075,screener,DEPRESSION,radio,Has there ever been a time when nothing was fun for you and you just weren't interested in anything?,"0, No | 1, Yes | 9, Unk",,,,,,,,,,dcscr073,,
dcscr076,screener,DEPRESSION,radio,Was this different from how you usually are?,"0, No | 1, Yes | 9, Unk",,,,,,[dcscr075] = '1',,,,dcscr073,,
dcscr077,screener,DEPRESSION,radio,"Did other people say that you seemed (more sad, more grouchy, or like you weren't having as much fun as usual)?","7, N/A | 0, No | 1, Yes | 9, Unk",,,,,,,,LH,,,,
cscr30,screener,MANIA/HYPOMANIA,text,"


Some people have periods when they feel much more active, energetic, and talkative.  They may think more quickly.  They talk a lot.  They may be fidgety or unable to sit still and they sometimes do things that are unusual for them, like spending too much money.  
",,,,,,,,,,,,,
dcscr078,screener,"
MANIA/HYPOMANIA: INCREASED MOTOR ACTIVITY",radio,"Have there been times when you were much more active than usual, had problems sitting still, or needed to move around a lot?","0, No | 1, Yes | 9, Unk",,,,,,,,LH,,,,
dcscr079,screener,"
MANIA/HYPOMANIA: INCREASED ENERGY",radio,Has there ever been a time when you felt so full of energy that you couldn't stop doing things and you didn't get tired?,"0, No | 1, Yes | 9, Unk",,,,,,,,,,dcscr079,,
dcscr080,screener,"
MANIA/HYPOMANIA: INCREASED ENERGY",radio,"Has there ever been a time when you felt like you hardly needed sleep?  
INTERVIEWER: Do NOT include isolated events, like a slumber party.
","0, No | 1, Yes | 9, Unk",,,,,,,,,,dcscr079,,
dcscr081,screener,"
MANIA/HYPOMANIA: INCREASED ENERGY",radio,"Have there been times when you kept talking a lot, or had so many ideas in your head that you could hardly keep track of them?","0, No | 1, Yes | 9, Unk",,,,,,,,LH,,,,
dcscr082,screener,"
MANIA/HYPOMANIA: ELEVATED MOOD
",radio,"Have you ever had a time when you felt much more happy or excited than you usually do; when there was nothing special going on? 


INTERVIEWER: NOT mild elation.
","0, No | 1, Yes | 9, Unk",,,,,,,,RH,,dcscr082,,
dcscr083,screener,"
MANIA/HYPOMANIA: ELEVATED MOOD
",radio,Have you ever had a time when you felt like you could do almost anything?,"0, No | 1, Yes | 9, Unk",,,,,,,,,,dcscr082,,
dcscr084,screener,"
MANIA/HYPOMANIA: IRRITABLE MOOD
",radio,"Has there ever been a time when you felt unusually grouchy, cranky, or irritable; when the smallest things would make you really mad?","0, No | 1, Yes | 9, Unk",,,,,,,,,,dcscr084,,
dcscr085,screener,"
MANIA/HYPOMANIA: IRRITABLE MOOD
",radio,"Did other people, like parents or teachers, notice this change or worry about you?","0, No | 1, Yes | 9, Unk",,,,,,[dcscr078]= '1' or [dcscr079]= '1' or [dcscr080]= '1' or [dcscr081]= '1' or [dcscr082]= '1' or [dcscr083]= '1' or [dcscr084]= '1',,,,dcscr084,,
dcscr086,screener,"
MANIA/HYPOMANIA: IRRITABLE MOOD
",radio,Was this different from how you usually are?,"0, No | 1, Yes | 9, Unk",,,,,,[dcscr078]= '1' or [dcscr079]= '1' or [dcscr080]= '1' or [dcscr081]= '1' or [dcscr082]= '1' or [dcscr083]= '1' or [dcscr084]= '1' or  [dcscr085] = '1' or [dcscr085] = '0',,,,dcscr084,,
dcscr087,screener,"
MANIA/HYPOMANIA: IRRITABLE MOOD
",radio,"If yes, During that time/those times, how often did you feel that way?","1, Almost every day | 2, About half of the days | 3, Less than half the days | 9, Unknown",,,,,,[dcscr086] = '1',,LH,,,,
dcscr088,screener,"
MANIA/HYPOMANIA: IRRITABLE MOOD
",radio,"If yes, On the days you felt this way, how much of the day did it last?","1, All of the day | 2, Most of the day | 3, Half of the day | 4, Only a small part of the day | 9, Unknown",,,,,,[dcscr086] = '1',,LH,,,,
dcscr089,screener,"
MANIA/HYPOMANIA: IRRITABLE MOOD
",text,How many times a year?,,TIMES,number,,,,[dcscr086] = '1',,,,,,
cscr37,screener,PSYCHOSIS,text,"


Now I am going to ask you some questions about things that happen to people during stressful times. 

INTERVIEWER: When asking psychosis questions, ask child/parent to give examples.",,,,,,,,,,,,,
dcscr090,screener,PSYCHOSIS: HALLUCINATIONS,radio,Have you ever heard voices when no one was there?,"0, No | 1, Yes | 9, Unk",,,,,,,,,,dcscr090,,
dcscr095a,screener,PSYCHOSIS: HALLUCINATIONS,text,Example 1,,EXAMPLE,,,,,[dcscr090] = '1',,RH,,,,
dcscr091,screener,PSYCHOSIS: HALLUCINATIONS,radio,Have you ever seen things that other people couldn't see?,"0, No | 1, Yes | 9, Unk",,,,,,,,,,dcscr090,,
dcscr095b,screener,PSYCHOSIS: HALLUCINATIONS,text,Example 2,,EXAMPLE,,,,,[dcscr091] = '1',,RH,,,,
dcscr092,screener,PSYCHOSIS: HALLUCINATIONS,radio,Have you ever seen visions?,"0, No | 1, Yes | 9, Unk",,,,,,,,,,dcscr090,,
dcscr095c,screener,PSYCHOSIS: HALLUCINATIONS,text,Example 3,,EXAMPLE,,,,,[dcscr092] = '1',,RH,,,,
dcscr093,screener,PSYCHOSIS: HALLUCINATIONS,radio,Have you ever heard things other people couldn't hear?,"0, No | 1, Yes | 9, Unk",,,,,,,,,,dcscr090,,
dcscr095d,screener,PSYCHOSIS: HALLUCINATIONS,text,Example 4,,EXAMPLE,,,,,[dcscr093] = '1',,RH,,,,
dcscr094,screener,PSYCHOSIS: HALLUCINATIONS,radio,Has there ever been anything unusual about the way things smelled or felt or looked?,"0, No | 1, Yes | 9, Unk",,,,,,,,,,dcscr090,,
dcscr095e,screener,PSYCHOSIS: HALLUCINATIONS,text,Example 5,,EXAMPLE,,,,,[dcscr094] = '1',,RH,,,,
cscr40,screener,PSYCHOSIS: HALLUCINATIONS,text,"
INTERVIEWER: If any hallucination questions endorsed, ask next question ONLY to parent.
",,,,,,,[dcscr090] = '1' or [dcscr091] = '1' or [dcscr092] = '1' or [dcscr093] = '1' or [dcscr094] = '1',,,,,,
dcscr096,screener,PSYCHOSIS: HALLUCINATIONS,radio,Is this something that is considered unusual for the child?,"0, No | 1, Yes | 9, Unk",,,,,,[dcscr090] = '1' or [dcscr091] = '1' or [dcscr092] = '1' or [dcscr093] = '1' or [dcscr094] = '1',,LH,,,,
dcscr097,screener,PSYCHOSIS: HALLUCINATIONS,notes,What is it?,,,,,,,[dcscr096] = '1',,LH,,,,
dcscr098,screener,PSYCHOSIS: DELUSIONS,radio,Have you ever had your imagination play tricks on you?,"0, No | 1, Yes | 9, Unk",,,,,,,,,,dcscr099,,
dcscr102a,screener,PSYCHOSIS: DELUSIONS,text,Example 1,,EXAMPLE,,,,,[dcscr098] = '1',,RH,,,,
dcscr099,screener,PSYCHOSIS: DELUSIONS,radio,Have you ever believed in things that most other people or your parents don't believe in? What?,"0, No | 1, Yes | 9, Unk",,,,,,,,,,dcscr099,,
dcscr102b,screener,PSYCHOSIS: DELUSIONS,text,Example 2,,EXAMPLE,,,,,[dcscr099] = '1',,RH,,,,
dcscr100,screener,PSYCHOSIS: DELUSIONS,radio,"Have you ever believed in things and later found out they weren't true, like people being out to get you, or talking about you behind your back, or controlling what you do or think?","0, No | 1, Yes | 9, Unk",,,,,,,,,,dcscr099,,
dcscr102c,screener,PSYCHOSIS: DELUSIONS,text,Example 3,,EXAMPLE,,,,,[dcscr100] = '1',,RH,,,,
dcscr101,screener,PSYCHOSIS: DELUSIONS,radio,Were you sure of that at the time or did you think it just might be so?,"0, No | 1, Yes | 9, Unk",,,,,,,,,,dcscr099,,
dcscr102d,screener,PSYCHOSIS: DELUSIONS,text,Example 4,,EXAMPLE,,,,,[dcscr101] = '1',,RH,,,,
cscr42,screener,,text,"
INTERMITTENT EXPLOSIVE DISORDER
",,,,,,,,,,,,,
dcscr103,screener,"
INTERMITTENT EXPLOSIVE DISORDER
",radio,Have you ever had a time when you became so angry you could not control your temper and ended up hitting someone or breaking things?,"0, No | 1, Yes | 9, Unk",,,,,,,,LH,,,,
dcscr104,screener,"
INTERMITTENT EXPLOSIVE DISORDER
",notes,"If yes, what did you do?",,,,,,,[dcscr103] = '1',,LH,,,,
cscr43,screener,"
INTERMITTENT EXPLOSIVE DISORDER
",text,"
INTERVIEWER: Use clinical judgement here to rate positively. The item broken should be something of value like a car window or punching holes in the wall, not minor things like breaking a pencil.
",,,,,,,[dcscr103] = '1',,,,,,
dcscr105,screener,"
INTERMITTENT EXPLOSIVE DISORDER
",text,How many times has this happened?,,NUMBER OF TIMES,,,,,[dcscr103] = '1',,,,,,
dcscr106,screener,"
INTERMITTENT EXPLOSIVE DISORDER
",notes,What set it off?,,,,,,,[dcscr103] = '1',,LH,,,,
cscr44,screener,"
INTERMITTENT EXPLOSIVE DISORDER
",radio,"
INTERVIEWER: Was the reaction grossly out of proportion to the precipitating event?
","0, No | 1, Yes | 9, Unk",,,,,,[dcscr103] = '1',,RH,,,,
dcscr107,screener,"
INTERMITTENT EXPLOSIVE DISORDER
",dropdown,How old were you when this happened the most?,"1, 1| 2, 2 | 3, 3| 4, 4| 5, 5| 6, 6|7, 7 | 8, 8 | 9, 9 | 10, 10 | 11, 11 | 12, 12 | 13, 13 | 14, 14 | 15, 15 | 16, 16 | 17, 17 | 18, 18 | 997, 997 | 998, 998 | 999, 999",AGE,autocomplete,,,,[dcscr103] = '1',,RH,,,,
cscr46,screener,,text,"
SUICIDE
",,,,,,,,,,,,,
dcscr108,screener,"
SUICIDE
",radio,Have you ever thought a lot about death or dying?,"0, No | 1, Yes | 9, Unk",,,,,,,,,,dcscr108,,
dcscr109,screener,"
SUICIDE
",radio,Have you ever thought about killing yourself?,"0, No | 1, Yes | 9, Unk",,,,,,,,,,dcscr108,,
cscr47,screener,"
SUICIDE
",text,"
INTERVIEWER: If yes to either suicide probe, SKIP to suicide section and assess current risk level.
",,,,,,,[dcscr108] = '1' or [dcscr109] = '1',,,,,,
cscr48,screener,POST TRAUMATIC STRESS,text,"


Now I'm going to ask you about upsetting things that sometimes happen to children or teenagers.",,,,,,,,,,,,,
dcscr110,screener,POST TRAUMATIC STRESS,radio,Have you ever been in a flood or a tornado or an earthquake or hurricane or some other natural disaster where you thought you were going to die or be seriously hurt?,"0, No | 1, Yes | 9, Unk",,,,,,,,,,dcscr110,,
dcscr111,screener,POST TRAUMATIC STRESS,radio,Have you ever been in a situation where you thought you or someone close to you was going to be killed or be hurt very badly? (e.g. family violence),"0, No | 1, Yes | 9, Unk",,,,,,,,,,dcscr110,,
dcscr112,screener,POST TRAUMATIC STRESS,radio,Have you ever been attacked by somebody or badly beaten?,"0, No | 1, Yes | 9, Unk",,,,,,,,,,dcscr110,,
dcscr113,screener,POST TRAUMATIC STRESS,radio,Have you ever been very upset by someone forcing you to do something sexual that you really didn't want to do?,"0, No | 1, Yes | 9, Unk",,,,,,,,,,dcscr110,,
dcscr114,screener,POST TRAUMATIC STRESS,radio,Have you ever been attacked sexually or raped?,"0, No | 1, Yes | 9, Unk",,,,,,[dcscr113] = '1',,,,dcscr110,,
dcscr115,screener,POST TRAUMATIC STRESS,radio,Have you ever been threatened with a weapon?,"0, No | 1, Yes | 9, Unk",,,,,,,,,,dcscr110,,
dcscr116,screener,POST TRAUMATIC STRESS,radio,Have you ever been in a bad accident?,"0, No | 1, Yes | 9, Unk",,,,,,,,,,dcscr110,,
dcscr117,screener,POST TRAUMATIC STRESS,radio,"Other than television or at the movies, have you ever seen or heard somebody get killed or get hurt very badly or die?","0, No | 1, Yes | 9, Unk",,,,,,,,,,dcscr110,,
dcscr118,screener,POST TRAUMATIC STRESS,radio,Have you ever been very upset by seeing a dead body or by seeing pictures of the dead body of somebody you knew well?,"0, No | 1, Yes | 9, Unk",,,,,,,,,,dcscr110,,
cscr50,screener,,text,"
SUBSTANCE USE
",,,,,,,,,,,,,
cscr51,screener,"
SUBSTANCE USE
",text,Have you ever used any of the following:,,,,,,,,,,,,,
dcscr119,screener,"
SUBSTANCE USE
",radio,Tobacco- like cigarettes or chewing tobacco: Ever used,"0, No | 1, Yes | 9, Unk",,,,,,,,LH,,,,
dcscr120,screener,"
SUBSTANCE USE
",dropdown,Tobacco: Age when used the most,"1, 1| 2, 2 | 3, 3| 4, 4| 5, 5| 6, 6|7, 7 | 8, 8 | 9, 9 | 10, 10 | 11, 11 | 12, 12 | 13, 13 | 14, 14 | 15, 15 | 16, 16 | 17, 17 | 18, 18 | 997, 997 | 998, 998 | 999, 999",AGE,autocomplete,,,,[dcscr119] = '1',,,,,,
dcscr121,screener,"
SUBSTANCE USE
",radio,"Caffeine- like coffee, tea, or soda (1x month or more to complete section): Ever used","0, No | 1, Yes | 9, Unk",,,,,,,,LH,,,,
dcscr122,screener,"
SUBSTANCE USE
",dropdown,Caffeine: Age when used the most,"1, 1| 2, 2 | 3, 3| 4, 4| 5, 5| 6, 6|7, 7 | 8, 8 | 9, 9 | 10, 10 | 11, 11 | 12, 12 | 13, 13 | 14, 14 | 15, 15 | 16, 16 | 17, 17 | 18, 18 | 997, 997 | 998, 998 | 999, 999",AGE,autocomplete,,,,[dcscr121] = '1',,,,,,
dcscr123,screener,"
SUBSTANCE USE
",radio,"Alcohol- lilke beer, wine, or liquor: Ever used","0, No | 1, Yes | 9, Unk",,,,,,,,LH,,,,
dcscr124,screener,"
SUBSTANCE USE
",dropdown,Alcohol: Age when used the most,"1, 1| 2, 2 | 3, 3| 4, 4| 5, 5| 6, 6|7, 7 | 8, 8 | 9, 9 | 10, 10 | 11, 11 | 12, 12 | 13, 13 | 14, 14 | 15, 15 | 16, 16 | 17, 17 | 18, 18 | 997, 997 | 998, 998 | 999, 999",AGE,autocomplete,,,,[dcscr123] = '1',,,,,,
dcscr125,screener,"
SUBSTANCE USE
",radio,Cannabis- like marijuana: Ever used,"0, No | 1, Yes | 9, Unk",,,,,,,,LH,,,,
dcscr126,screener,"
SUBSTANCE USE
",dropdown,Cannabis: Age when used the most,"1, 1| 2, 2 | 3, 3| 4, 4| 5, 5| 6, 6|7, 7 | 8, 8 | 9, 9 | 10, 10 | 11, 11 | 12, 12 | 13, 13 | 14, 14 | 15, 15 | 16, 16 | 17, 17 | 18, 18 | 997, 997 | 998, 998 | 999, 999",AGE,autocomplete,,,,[dcscr125] = '1',,,,,,
dcscr127,screener,"
SUBSTANCE USE
",radio,Inhalants- like sniffing glue or paint: Ever used,"0, No | 1, Yes | 9, Unk",,,,,,,,LH,,,,
dcscr128,screener,"
SUBSTANCE USE
",dropdown,Inhalants: Age when used the most,"1, 1| 2, 2 | 3, 3| 4, 4| 5, 5| 6, 6|7, 7 | 8, 8 | 9, 9 | 10, 10 | 11, 11 | 12, 12 | 13, 13 | 14, 14 | 15, 15 | 16, 16 | 17, 17 | 18, 18 | 997, 997 | 998, 998 | 999, 999",AGE,autocomplete,,,,[dcscr127] = '1',,,,,,
dcscr129,screener,"
SUBSTANCE USE
",radio,LSD/Hallucinogens- like mushrooms or acid: Ever used,"0, No | 1, Yes | 9, Unk",,,,,,,,LH,,,,
dcscr130,screener,"
SUBSTANCE USE
",dropdown,LSD/Hallucinogens: Age when used the most,"1, 1| 2, 2 | 3, 3| 4, 4| 5, 5| 6, 6|7, 7 | 8, 8 | 9, 9 | 10, 10 | 11, 11 | 12, 12 | 13, 13 | 14, 14 | 15, 15 | 16, 16 | 17, 17 | 18, 18 | 997, 997 | 998, 998 | 999, 999",AGE,autocomplete,,,,[dcscr129] = '1',,,,,,
dcscr131,screener,"
SUBSTANCE USE
",radio,"Stimulants- like diet pills to get high, ecstasy, crystal meth: Ever used","0, No | 1, Yes | 9, Unk",,,,,,,,LH,,,,
dcscr132,screener,"
SUBSTANCE USE
",dropdown,Stimulants: Age when used the most,"1, 1| 2, 2 | 3, 3| 4, 4| 5, 5| 6, 6|7, 7 | 8, 8 | 9, 9 | 10, 10 | 11, 11 | 12, 12 | 13, 13 | 14, 14 | 15, 15 | 16, 16 | 17, 17 | 18, 18 | 997, 997 | 998, 998 | 999, 999",AGE,autocomplete,,,,[dcscr131] = '1',,,,,,
dcscr133,screener,"
SUBSTANCE USE
",radio,"Cocaine- crack, powder, crank: Ever used","0, No | 1, Yes | 9, Unk",,,,,,,,LH,,,,
dcscr134,screener,"
SUBSTANCE USE
",dropdown,Cocaine: Age when used the most,"1, 1| 2, 2 | 3, 3| 4, 4| 5, 5| 6, 6|7, 7 | 8, 8 | 9, 9 | 10, 10 | 11, 11 | 12, 12 | 13, 13 | 14, 14 | 15, 15 | 16, 16 | 17, 17 | 18, 18 | 997, 997 | 998, 998 | 999, 999",AGE,autocomplete,,,,[dcscr133] = '1',,,,,,
dcscr135,screener,"
SUBSTANCE USE
",radio,"Sedatives- like ""downers"" (valium): Ever used","0, No | 1, Yes | 9, Unk",,,,,,,,LH,,,,
dcscr136,screener,"
SUBSTANCE USE
",dropdown,Sedatives: Age when used the most,"1, 1| 2, 2 | 3, 3| 4, 4| 5, 5| 6, 6|7, 7 | 8, 8 | 9, 9 | 10, 10 | 11, 11 | 12, 12 | 13, 13 | 14, 14 | 15, 15 | 16, 16 | 17, 17 | 18, 18 | 997, 997 | 998, 998 | 999, 999",AGE,autocomplete,,,,[dcscr135] = '1',,,,,,
dcscr137,screener,"
SUBSTANCE USE
",radio,"Opiates- like heroin, oxycontin, percocet: Ever used","0, No | 1, Yes | 9, Unk",,,,,,,,LH,,,,
dcscr138,screener,"
SUBSTANCE USE
",dropdown,Opiates: Age when used the most,"1, 1| 2, 2 | 3, 3| 4, 4| 5, 5| 6, 6|7, 7 | 8, 8 | 9, 9 | 10, 10 | 11, 11 | 12, 12 | 13, 13 | 14, 14 | 15, 15 | 16, 16 | 17, 17 | 18, 18 | 997, 997 | 998, 998 | 999, 999",AGE,autocomplete,,,,[dcscr137] = '1',,,,,,
dcscr139,screener,"
SUBSTANCE USE
",radio,Steroids- to help improve your performance at sports or to get bigger: Ever used,"0, No | 1, Yes | 9, Unk",,,,,,,,LH,,,,
dcscr140,screener,"
SUBSTANCE USE
",dropdown,Steroids: Age when used the most,"1, 1| 2, 2 | 3, 3| 4, 4| 5, 5| 6, 6|7, 7 | 8, 8 | 9, 9 | 10, 10 | 11, 11 | 12, 12 | 13, 13 | 14, 14 | 15, 15 | 16, 16 | 17, 17 | 18, 18 | 997, 997 | 998, 998 | 999, 999",AGE,autocomplete,,,,[dcscr139] = '1',,,,,,
dcscr141,screener,"
SUBSTANCE USE
",radio,"Have you ever taken more perscription medicine or over the counter medicine than you were supposed to, or used someone else's prescription medicine to get high? 


INTERVIEWER: If yes, get name of substance and code under appropriate section.
","0, No | 1, Yes | 9, Unk",,,,,,,,LH,,,,
dcscr142,screener,"
SUBSTANCE USE
",text,Name of substance,,SUBSTANCE,,,,,[dcscr141] = '1',,,,,,
dcscr142a,screener,"
SUBSTANCE USE
",dropdown,Age when used the most,"1, 1| 2, 2 | 3, 3| 4, 4| 5, 5| 6, 6|7, 7 | 8, 8 | 9, 9 | 10, 10 | 11, 11 | 12, 12 | 13, 13 | 14, 14 | 15, 15 | 16, 16 | 17, 17 | 18, 18 | 997, 997 | 998, 998 | 999, 999",AGE,autocomplete,,,,[dcscr141] = '1',,,,,,
dcscr143,screener,"
SUBSTANCE USE
",radio,"Have you ever felt like you got hooked on presciption or over the counter medicine? 


INTERVIEWER: If yes, get name of substance and code under appropriate section.
","0, No | 1, Yes | 9, Unk",,,,,,,,LH,,,,
dcscr144,screener,"
SUBSTANCE USE
",text,Name of substance,,SUBSTANCE,,,,,[dcscr143] = '1',,,,,,
dcscr144a,screener,"
SUBSTANCE USE
",dropdown,Age when used the most,"1, 1| 2, 2 | 3, 3| 4, 4| 5, 5| 6, 6|7, 7 | 8, 8 | 9, 9 | 10, 10 | 11, 11 | 12, 12 | 13, 13 | 14, 14 | 15, 15 | 16, 16 | 17, 17 | 18, 18 | 997, 997 | 998, 998 | 999, 999",AGE,autocomplete,,,,[dcscr143] = '1',,,,,,
cscr53,screener,,text,"
SUBSTANCE USE: TOBACCO
",,,,,,,,,,,,,
dcscr145,screener,"
SUBSTANCE USE: TOBACCO
",radio,"Have you ever smoked a cigarette, cigar, pipe or other tobacco product, even a single puff?","0, No | 1, Yes | 9, Unk",,,,,,,,LH,,,,
dcscr146,screener,"
SUBSTANCE USE: TOBACCO
",checkbox,What is the reason(s) that you never smoked or used tobacco?,"1, Never had opportunity | 2, Never interested | 3, Didn't like smell | 4, Exposure to smoke from parents or other family members | 5, Concern about health risks | 6, Religious or cultural beliefs | 7, Parents told child not to smoke | 8, Not legal | 9, Unknown | 10, Other",,,,,,[dcscr145] = '0',,LV,,,,
dcscr148,screener,"
SUBSTANCE USE: TOBACCO
",notes,What is the reason(s) that you never smoked or used tobacco? Other 1,,,,,,,[dcscr146] = '10',,LH,,,,
dcscr149,screener,"
SUBSTANCE USE: TOBACCO
",notes,What is the reason(s) that you never smoked or used tobacco? Other 2,,,,,,,[dcscr146] = '10',,LH,,,,
cscr54,screener,,text,"
OTHER DISORDERS
",,,,,,,,,,,,,
dcscr150,screener,"
OTHER DISORDERS
",radio,Was there ever a time when you or someone else thought you needed help or treatment for any problems we haven't discussed?,"0, No | 1, Yes | 9, Unk",,,,,,,,LH,,,,
dcscr151,screener,"
OTHER DISORDERS
",notes,Describe,,,,,,,[dcscr150] = '1',,LH,,,,
cscr_end,screener,,text,"
INTERVIEWER: END Screener section.
",,,,,,,,,,,,,
cmdd0,major_depression,CURRENT RECENT EPISODE,text,"
Earlier, you told me there was a time you felt (insert participant's endorsed symptoms in Screener).  I'd now like to ask you more about that.",,,,,,,,,,,,,
dcmdd001,major_depression,CURRENT RECENT EPISODE,radio,Do you feel this way now?,"0, No | 1, Yes | 9, Unk",,,,,,,,RH,,,,
dcmdd002,major_depression,CURRENT RECENT EPISODE,dropdown,How old were you the last time you felt this way?,"1, 1| 2, 2 | 3, 3| 4, 4| 5, 5| 6, 6|7, 7 | 8, 8 | 9, 9 | 10, 10 | 11, 11 | 12, 12 | 13, 13 | 14, 14 | 15, 15 | 16, 16 | 17, 17 | 18, 18 | 997, 997 | 998, 998 | 999, 999",AGE,autocomplete,,,,[dcmdd001]= '0',,RH,,,,
cmdd1,major_depression,CURRENT RECENT EPISODE,text,"How long did you feel this way? (N Days, Weeks, Months)",,,,,,,[dcmdd001]= '0',,,,,,
dcmdd006,major_depression,CURRENT RECENT EPISODE,dropdown,How old were you when this ended?,"1, 1| 2, 2 | 3, 3| 4, 4| 5, 5| 6, 6|7, 7 | 8, 8 | 9, 9 | 10, 10 | 11, 11 | 12, 12 | 13, 13 | 14, 14 | 15, 15 | 16, 16 | 17, 17 | 18, 18 | 997, 997 | 998, 998 | 999, 999",AGE,autocomplete,,,,[dcmdd001]= '0',,RH,,,,
cmdd2,major_depression,CURRENT RECENT EPISODE,text,"If now, how long have you felt this way? (N Days, Weeks, Months)",,,,,,,[dcmdd001]= '1',,,,,,
dcmdd010,major_depression,CURRENT RECENT EPISODE,radio,Was there ever a time you felt worse than this -- like for a really long time or a very severe time?,"0, No | 1, Yes | 9, Unk",,,,,,,,RH,,,,
dcmdd011,major_depression,CURRENT RECENT EPISODE,dropdown,How old were you when you felt this way?,"1, 1| 2, 2 | 3, 3| 4, 4| 5, 5| 6, 6|7, 7 | 8, 8 | 9, 9 | 10, 10 | 11, 11 | 12, 12 | 13, 13 | 14, 14 | 15, 15 | 16, 16 | 17, 17 | 18, 18 | 997, 997 | 998, 998 | 999, 999",AGE,autocomplete,,,,[dcmdd010]= '1',,RH,,,,
cmdd3,major_depression,CURRENT RECENT EPISODE,text,"How long did you feel this way? (N Days, Weeks, Months)",,,,,,,[dcmdd010]= '1',,,,,,
dcmdd015,major_depression,CURRENT RECENT EPISODE,dropdown,How old were you when this ended?,"1, 1| 2, 2 | 3, 3| 4, 4| 5, 5| 6, 6|7, 7 | 8, 8 | 9, 9 | 10, 10 | 11, 11 | 12, 12 | 13, 13 | 14, 14 | 15, 15 | 16, 16 | 17, 17 | 18, 18 | 997, 997 | 998, 998 | 999, 999",AGE,autocomplete,,,,[dcmdd010]= '1',,RH,,,,
cmdd5,major_depression,WORST EPISODE,text,"

Now I would like to talk more about how you felt then. 
INTERVIEWER: Code WORST episode.",,,,,,,,,,,,,
cmdd6,major_depression,WORST EPISODE,text,"During this time, did you feel:",,,,,,,,,,,,,
dcmdd016,major_depression,WORST EPISODE,radio,Sad or depressed?,"0, No | 1, Yes | 9, Unk",,,,,,,,,,dcmdd016,,
dcmdd017,major_depression,WORST EPISODE,radio,Was this feeling different from the feeling you get when something really sad happens or when you see a really sad movie?,"0, No | 1, Yes | 9, Unk",,,,,,[dcmdd016]= '1',,,,dcmdd016,,
dcmdd018,major_depression,WORST EPISODE,radio,Hopeless?,"0, No | 1, Yes | 9, Unk",,,,,,,,,,dcmdd016,,
dcmdd019,major_depression,WORST EPISODE,radio,Like there was nothing that you could do to stop the sadness (helplessness)?,"0, No | 1, Yes | 9, Unk",,,,,,,,,,dcmdd016,,
dcmdd020,major_depression,WORST EPISODE,radio,Like things would never get better?,"0, No | 1, Yes | 9, Unk",,,,,,,,,,dcmdd016,,
cmdd7,major_depression,WORST EPISODE: IRRITABLE MOOD/ANGER,text,"During this time, did you:",,,,,,,,,,,,,
dcmdd021,major_depression,WORST EPISODE: IRRITABLE MOOD/ANGER,radio,Feel grouchy or irritable?,"0, No | 1, Yes | 9, Unk",,,,,,,,,,dcmdd021,,
dcmdd022,major_depression,WORST EPISODE: IRRITABLE MOOD/ANGER,radio,Feel angry or like you were mad at almost everyone?,"0, No | 1, Yes | 9, Unk",,,,,,,,,,dcmdd021,,
dcmdd023,major_depression,"WORST EPISODE: IRRITABLE MOOD/ANGER
",radio,Get annoyed more easily with other people for little things?,"0, No | 1, Yes | 9, Unk",,,,,,,,,,dcmdd021,,
cmdd9,major_depression,WORST EPISODE: ANHEDONIA/LOSS OF INTEREST,text,"
INTERVIEWER: Loss of interest here does not refer to the inability to engage in activities.",,,,,,,,,,,,,
cmdd9a,major_depression,WORST EPISODE: ANHEDONIA/LOSS OF INTEREST,text,"During this time, did you feel:",,,,,,,,,,,,,
dcmdd024,major_depression,WORST EPISODE: ANHEDONIA/LOSS OF INTEREST,radio,Like you just weren't interested in anything?,"0, No | 1, Yes | 9, Unk",,,,,,,,,,dcmdd024,,
dcmdd025,major_depression,WORST EPISODE: ANHEDONIA/LOSS OF INTEREST,radio,Like you couldn't have as much fun as usual?,"0, No | 1, Yes | 9, Unk",,,,,,,,,,dcmdd024,,
dcmdd026,major_depression,WORST EPISODE: ANHEDONIA/LOSS OF INTEREST,radio,Bored with things that used to be interesting to you?,"0, No | 1, Yes | 9, Unk",,,,,,,,,,dcmdd024,,
dcmdd027,major_depression,WORST EPISODE: MOOD REACTIVITY,radio,"If something good happened, or if someone tried to cheer you up, how much better would you feel, at least for a little while?","1, Not at all better | 2, A little better | 3, Somewhat better | 4, A lot better",,,,,,,,LV,,,,
dcmdd028,major_depression,WORST EPISODE: DIURNAL VARIATION,radio,"During this time, did you usually feel worse at (a) certain time(s) of the day or night?","0, No | 1, Yes | 9, Unk",,,,,,,,RH,,,,
dcmdd029,major_depression,"WORST EPISODE: DIURNAL VARIATION
What time of day:",radio,Morning?,"0, No | 1, Yes | 9, Unk",,,,,,[dcmdd028]= '1',,,,dcmdd029,,
dcmdd030,major_depression,"WORST EPISODE: DIURNAL VARIATION
What time of day:",radio,Afternoon?,"0, No | 1, Yes | 9, Unk",,,,,,[dcmdd028]= '1',,,,dcmdd029,,
dcmdd031,major_depression,"WORST EPISODE: DIURNAL VARIATION
What time of day:",radio,Evening?,"0, No | 1, Yes | 9, Unk",,,,,,[dcmdd028]= '1',,,,dcmdd029,,
dcmdd032,major_depression,"WORST EPISODE: DIURNAL VARIATION
What time of day:",radio,Late night?,"0, No | 1, Yes | 9, Unk",,,,,,[dcmdd028]= '1',,,,dcmdd029,,
dcmdd033,major_depression,WORST EPISODE: SLEEP,radio,"During this time, did you have problems falling asleep?","0, No | 1, Yes | 9, Unk",,,,,,,,,,dcmdd033,,
dcmdd034,major_depression,WORST EPISODE: SLEEP,radio,Did you have problems with waking up in the middle of the night?,"0, No | 1, Yes | 9, Unk",,,,,,,,,,dcmdd033,,
dcmdd035,major_depression,WORST EPISODE: SLEEP,radio,Did you wake up before you had to in the morning?,"0, No | 1, Yes | 9, Unk",,,,,,,,,,dcmdd033,,
dcmdd036,major_depression,WORST EPISODE: SLEEP,text,How many hours earlier?,,HOURS,number,,,,[dcmdd035]= '1',,,,,,
dcmdd037,major_depression,WORST EPISODE: SLEEP,radio,"
Did you sleep much more than usual for you?

INTERVIEWER: Count night and naps.
","0, No | 1, Yes | 9, Unk",,,,,,,,RH,,,,
dcmdd038,major_depression,WORST EPISODE: EATING DISTURBANCES,radio,"During this time, did you eat less or feel less hungry than usual? (Did you lose weight)","0, No | 1, Yes | 9, Unk",,,,,,,,,,dcmdd038,,
dcmdd039,major_depression,WORST EPISODE: EATING DISTURBANCES,radio,Did you eat more or feel more hungry than usual?,"0, No | 1, Yes | 9, Unk",,,,,,,,,,dcmdd038,,
dcmdd040,major_depression,WORST EPISODE: EATING DISTURBANCES,radio,Did you gain weight?,"0, No | 1, Yes | 9, Unk",,,,,,[dcmdd039]= '1',,,,dcmdd038,,
dcmdd041,major_depression,WORST EPISODE: EATING DISTURBANCES,radio,"Did you crave or want to eat a lot of certain types of foods during this time? (e.g. chocolate, sweets, starchy food)","0, No | 1, Yes | 9, Unk",,,,,,,,,,dcmdd038,,
dcmdd042,major_depression,WORST EPISODE: PSYCHOMOTOR CHANGES,radio,"During this time, did you have trouble sitting still?","0, No | 1, Yes | 9, Unk",,,,,,,,,,dcmdd042,,
dcmdd043,major_depression,WORST EPISODE: PSYCHOMOTOR CHANGES,radio,Did you feel like you had to keep moving around? (Like walking back and forth?),"0, No | 1, Yes | 9, Unk",,,,,,,,,,dcmdd042,,
dcmdd044,major_depression,WORST EPISODE: PSYCHOMOTOR CHANGES,radio,Did you move more slowly than usual?,"0, No | 1, Yes | 9, Unk",,,,,,,,,,dcmdd042,,
dcmdd045,major_depression,WORST EPISODE: PSYCHOMOTOR CHANGES,radio,Did you think more slowly than usual?,"0, No | 1, Yes | 9, Unk",,,,,,,,,,dcmdd042,,
dcmdd046,major_depression,WORST EPISODE: PSYCHOMOTOR CHANGES,radio,Did you speak more slowly than usual?,"0, No | 1, Yes | 9, Unk",,,,,,,,,,dcmdd042,,
dcmdd047,major_depression,WORST EPISODE: PSYCHOMOTOR CHANGES,radio,Did anyone notice that you were (list endorsed psychomotor changes)?,"0, No | 1, Yes | 9, Unk",,,,,,[dcmdd042]= '1' or [dcmdd043]= '1' or [dcmdd044]= '1' or [dcmdd045]= '1' or [dcmdd046]= '1',,,,dcmdd042,,
dcmdd048,major_depression,WORST EPISODE: ENERGY/LEADEN PARALYSIS,radio,Did you feel really tired or have less energy than usual?,"0, No | 1, Yes | 9, Unk",,,,,,,,,,dcmdd048,,
dcmdd049,major_depression,WORST EPISODE: ENERGY/LEADEN PARALYSIS,radio,"Did doing even little things make you feel really tired, like going up stairs, getting out of a chair, or getting out of bed (for school)?","0, No | 1, Yes | 9, Unk",,,,,,,,,,dcmdd048,,
dcmdd050,major_depression,WORST EPISODE: ENERGY/LEADEN PARALYSIS,radio,"Did it take more time to do the things that you usually do, like getting dressed in the morning?","0, No | 1, Yes | 9, Unk",,,,,,,,,,dcmdd048,,
dcmdd051,major_depression,WORST EPISODE: ENERGY/LEADEN PARALYSIS,radio,Did you have trouble getting started doing the activities that you usually do?,"0, No | 1, Yes | 9, Unk",,,,,,,,,,dcmdd048,,
dcmdd052,major_depression,WORST EPISODE: ENERGY/LEADEN PARALYSIS,radio,"Did your arms and legs feel heavy, like you were weighed down by them?","0, No | 1, Yes | 9, Unk",,,,,,,,,,dcmdd048,,
dcmdd053,major_depression,WORST EPISODE: COGNITION,radio,Was it harder to keep your mind on things--like when doing homework or trying to remember something?,"0, No | 1, Yes | 9, Unk",,,,,,,,,,dcmdd053,,
dcmdd054,major_depression,WORST EPISODE: COGNITION,radio,Was it harder to think clearly?,"0, No | 1, Yes | 9, Unk",,,,,,,,,,dcmdd053,,
dcmdd055,major_depression,WORST EPISODE: COGNITION,radio,Was it harder to make up your mind or make decisions?,"0, No | 1, Yes | 9, Unk",,,,,,,,,,dcmdd053,,
dcmdd056,major_depression,WORST EPISODE: COGNITION,radio,Did you have problems remembering things?,"0, No | 1, Yes | 9, Unk",,,,,,,,,,dcmdd053,,
dcmdd057,major_depression,WORST EPISODE: GUILT/WORTHLESSNESS,radio,Did you blame yourself for bad things that happened?,"0, No | 1, Yes | 9, Unk",,,,,,,,,,dcmdd057,,
dcmdd058,major_depression,WORST EPISODE: GUILT/WORTHLESSNESS,radio,Did you feel like you didn't really matter?,"0, No | 1, Yes | 9, Unk",,,,,,,,,,dcmdd057,,
dcmdd059,major_depression,WORST EPISODE: GUILT/WORTHLESSNESS,radio,"Did you feel bad about yourself even though there wasn't any real reason to feel like that? For example, did you start feeling that you weren't good-looking enough, that people wouldn't like you, that you weren't smart enough, or that you couldn't do anything well?","0, No | 1, Yes | 9, Unk",,,,,,,,,,dcmdd057,,
dcmdd060,major_depression,WORST EPISODE: INTERPERSONAL SENSITIVITY,radio,"(Not specific to episode) In general, do you get your feelings hurt easily when other kids tease you or don't want to play with you?","0, No | 1, Yes | 9, Unk",,,,,,,,,,dcmdd060,,
dcmdd061,major_depression,WORST EPISODE: INTERPERSONAL SENSITIVITY,radio,Do you think that you are more sensitive or get your feelings hurt more easily than other kids your age?,"0, No | 1, Yes | 9, Unk",,,,,,,,,,dcmdd060,,
dcmdd062,major_depression,WORST EPISODE: INTERPERSONAL SENSITIVITY,radio,Have other people ever told you that you were more sensitive than you should be?,"0, No | 1, Yes | 9, Unk",,,,,,,,,,dcmdd060,,
dcmdd063,major_depression,WORST EPISODE: INTERPERSONAL SENSITIVITY,radio,"(Episode specific) When you were feeling (sad, grouchy, like nothing was fun) were you even more sensitive than usual?","0, No | 1, Yes | 9, Unk",,,,,,,,,,dcmdd060,,
cmdd20,major_depression,WORST EPISODE: MORBID THOUGHTS,text,"
Sometimes kids who feel sad, down, or angry think about death or even wish they were dead. During this time:",,,,,,,,,,,,,
dcmdd064,major_depression,WORST EPISODE: MORBID THOUGHTS,radio,Did you think about death?,"0, No | 1, Yes | 9, Unk",,,,,,,,,,dcmdd064,,
dcmdd065,major_depression,WORST EPISODE: MORBID THOUGHTS,radio,Did you ever think about killing yourself?,"0, No | 1, Yes | 9, Unk",,,,,,,,,,dcmdd064,,
dcmdd066,major_depression,WORST EPISODE: MORBID THOUGHTS,radio,How often did you think about these things during this time?,"1, Most of the time | 2, Sometimes | 3, Not very often | 9, Don't know",,,,,,[dcmdd065]= '1',,LH,,,,
dcmdd067,major_depression,WORST EPISODE: MORBID THOUGHTS,radio,Did you make a plan to kill yourself?,"0, No | 1, Yes | 9, Unk",,,,,,[dcmdd065]= '1',,,,dcmdd067,,
dcmdd068,major_depression,WORST EPISODE: MORBID THOUGHTS,radio,Did you try to kill yourself?,"0, No | 1, Yes | 9, Unk",,,,,,[dcmdd065]= '1',,,,dcmdd067,,
dcmdd069,major_depression,WORST EPISODE: SYMPTOM FREQUENCY (EPISODE),radio,You just told me that when you felt (sad/ grouchy/ like nothing was fun) that you also had (list symptoms).  How often did you have these things?,"1, Most days | 2, About half of the days | 3, Less than half the days | 9, Don't know",,,,,,,,LH,,,,
dcmdd070,major_depression,WORST EPISODE: SYMPTOM FREQUENCY (EPISODE),radio,"On the days you had these things, how much of the day did you have them?","1, All of the day | 2, Most of the day | 3, Half of the day | 4, Only a little part of the day",,,,,,,,LH,,,,
dcmdd071,major_depression,WORST EPISODE: DELUSIONS,radio,"During this time, did you think that your (list symptoms) was a punishment for something you had done?","0, No | 1, Yes | 9, Unk",,,,,,,,,,dcmdd071,,
dcmdd072,major_depression,WORST EPISODE: DELUSIONS,radio,"Did you think that something terrible was going to happen, or that someone was trying to hurt you or was talking about you?","0, No | 1, Yes | 9, Unk",,,,,,,,,,dcmdd071,,
dcmdd073,major_depression,WORST EPISODE: DELUSIONS,radio,Did you think that something had gone wrong with your body?,"0, No | 1, Yes | 9, Unk",,,,,,,,,,dcmdd071,,
dcmdd074,major_depression,WORST EPISODE: DELUSIONS,radio,"
INTERVIEWER: Based on clinical judgment, were these 
real delusions?(Get Examples)
","0, No | 1, Yes | 9, Unk",,,,,,[dcmdd071] = '1' or [dcmdd072] = '1' or [dcmdd073] = '1',,RH,,,,
dcmdd075a,major_depression,WORST EPISODE: DELUSIONS,text,Example 1,,EXAMPLE,,,,,[dcmdd074]= '1',,,,,,
dcmdd075b,major_depression,WORST EPISODE: DELUSIONS,text,Example 2,,EXAMPLE,,,,,[dcmdd074]= '1',,,,,,
dcmdd075c,major_depression,WORST EPISODE: DELUSIONS,text,Example 3,,EXAMPLE,,,,,[dcmdd074]= '1',,,,,,
dcmdd075d,major_depression,WORST EPISODE: DELUSIONS,text,Example 4,,EXAMPLE,,,,,[dcmdd074]= '1',,,,,,
dcmdd076,major_depression,WORST EPISODE: DELUSIONS,radio,"Did these (list endorsed delusions) start before, after or at the same time that you started feeling (sad, grouchy, like nothing was fun)?","1, Before | 2, During | 3, After | 9, Don't know",,,,,,[dcmdd074]= '1',,LH,,,,
dcmdd077,major_depression,WORST EPISODE: HALLUCINATIONS,radio,"During this time, did you see or hear things that other people could not see or hear?
PROBE: Like voices talking to you or noises, or visions? 
","0, No | 1, Yes | 9, Unk | 7, N/A",,,,,,,,,,dcmdd077,,
dcmdd078,major_depression,WORST EPISODE: HALLUCINATIONS,radio,"Did you experience funny or unusual smells, tastes, or sensations in your body?","0, No | 1, Yes | 9, Unk | 7, N/A",,,,,,,,,,dcmdd077,,
dcmdd079,major_depression,WORST EPISODE: HALLUCINATIONS,radio,"
INTERVIEWER:Based on clinical judgment, were these real hallucinations? Get examples. 
","0, No | 1, Yes | 9, Unk | 7, N/A",,,,,,[dcmdd077] = '1' or [dcmdd078] = '1',,,,dcmdd077,,
dcmdd080a,major_depression,WORST EPISODE: HALLUCINATIONS,text,Example 1,,EXAMPLE,,,,,[dcmdd079]= '1',,,,,,
dcmdd080b,major_depression,WORST EPISODE: HALLUCINATIONS,text,Example 2,,EXAMPLE,,,,,[dcmdd079]= '1',,,,,,
dcmdd080c,major_depression,WORST EPISODE: HALLUCINATIONS,text,Example 3,,EXAMPLE,,,,,[dcmdd079]= '1',,,,,,
dcmdd080d,major_depression,WORST EPISODE: HALLUCINATIONS,text,Example 4,,EXAMPLE,,,,,[dcmdd079]= '1',,,,,,
dcmdd081,major_depression,WORST EPISODE: HALLUCINATIONS,radio,"Did these (list endorsed hallucinations) start before, after or at the same time that you started feeling (sad, grouchy, like nothing was fun)?","1, Before | 2, During | 3, After | 9, Don't know",,,,,,[dcmdd079]= '1',,RH,,,,
dcmdd082,major_depression,WORST EPISODE: HALLUCINATIONS,radio,"Did they stay even when you stopped feeling (sad, grouchy, like nothing was fun)?","0, No | 1, Yes | 9, Unk",,,,,,[dcmdd079]= '1',,RH,,,,
cmdd26,major_depression,WORST EPISODE: HALLUCINATIONS,text,"For how long did you have them? (N Days, Weeks)",,,,,,,[dcmdd079]= '1',,,,,,
dcmdd085,major_depression,WORST EPISODE: MOOD CONGRUENCY,radio,"
INTERVIEWER: If respondent had any psychotic symptoms, was the content consistent with depressive themes such as poverty, guilt, illness, personal inadequacy or catastrophe? 
","0, No | 1, Yes | 9, Unk | 7, N/A",,,,,,,,RH,,,,
cmdd28,major_depression,WORST EPISODE MEDICAL,text,"
ASSOCIATED CONDITIONS (EPISODE)
INTERVIEWER: Associated condition questions apply ONLY to episode being coded.",,,,,,,,,,,,,
cmdd28a,major_depression,WORST EPISODE MEDICAL,text,"When you were feeling (sad, grouchy, like nothing was fun):",,,,,,,,,,,,,
dcmdd086,major_depression,WORST EPISODE: MEDICAL,radio,"Did you have a serious physical problem or illness? 
(Probe: Did the physical problem/illness happen before the sad/depressed feelings or after?)
","0, No | 1, Yes | 9, Unk",,,,,,,,RH,,,,
dcmdd087,major_depression,WORST EPISODE: MEDICAL,notes,"If yes, specify:",,,,,,,[dcmdd086]= '1',,LH,,,,
dcmdd088,major_depression,WORST EPISODE: MEDICAL,radio,"Were you taking any medicines that your doctor told you to take? 
PROBE: Did you start taking the medicine before feeling sad/depressed or after?","0, No | 1, Yes | 9, Unk",,,,,,,,RH,,,,
dcmdd089,major_depression,WORST EPISODE: MEDICAL,text,Specify (Medication 1),,MEDICATION,,,,,[dcmdd088]= '1',,,,,,
dcmdd090,major_depression,WORST EPISODE: MEDICAL,text,Specify (Medication 2),,MEDICATION,,,,,[dcmdd088]= '1',,,,,,
dcmdd091,major_depression,WORST EPISODE: MEDICAL,text,Specify (Medication 3),,MEDICATION,,,,,[dcmdd088]= '1',,,,,,
cmdd30,major_depression,WORST EPISODE: ALCOHOL AND DRUGS,radio,"
INTERVIEWER: IS PARTICIPANT UNDER 12 YEARS OLD?","0, No | 1, Yes | 9, Unk",,,,,,,,RH,,,,
dcmdd092,major_depression,WORST EPISODE: ALCOHOL AND DRUGS,checkbox,"Were you using alcohol often or drugs or both during this time?  

PROBE: Did you increase how you use alcohol/drugs when you started feeling sad/depressed or were you using drugs/alcohol before you started to feel sad/depressed)?","0, Neither | 1, Alcohol | 2, Drugs | 9, Don't know",,,,,,[cmdd30] = '0',,RH,,,,
dcmdd093,major_depression,WORST EPISODE: ALCOHOL AND DRUGS,notes,Specify (Alcohol and/or drug and quantity 1),,,,,,,[dcmdd092] = '1' or [dcmdd092] = '2',,LH,,,,
dcmdd094,major_depression,WORST EPISODE: ALCOHOL AND DRUGS,notes,Specify (Alcohol and/or drug and quantity 2),,,,,,,[dcmdd092] = '1' or [dcmdd092] = '2',,LH,,,,
dcmdd095,major_depression,WORST EPISODE: ALCOHOL AND DRUGS,notes,Specify (Alcohol and/or drug and quantity 3),,,,,,,[dcmdd092] = '1' or [dcmdd092] = '2',,LH,,,,
dcmdd096,major_depression,WORST EPISODE: BEREAVEMENT,radio,"Did you start feeling (sad, grouchy, like nothing was fun) soon after someone close to you died?","0, No | 1, Yes | 9, Unk",,,,,,,,RH,,,,
dcmdd097,major_depression,WORST EPISODE: BEREAVEMENT,notes,Specify (Relationship),,,,,,,[dcmdd096]= '1',,LH,,,,
cmdd34,major_depression,WORST EPISODE: BEREAVEMENT,text,Date of death,,,,,,,[dcmdd096]= '1',,,,,,
dcmdd098,major_depression,WORST EPISODE: BEREAVEMENT,dropdown,Month,"1, 1 | 2, 2 | 3, 3 | 4, 4 | 5, 5 | 6, 6 | 7, 7 | 8, 8 | 9, 9 | 10, 10 | 11, 11 | 12, 12 | 97, 97 | 98, 98 | 99, 99",MONTH,autocomplete,,,,[dcmdd096]= '1',,,,,,
dcmdd099,major_depression,WORST EPISODE: BEREAVEMENT,text,Year,,YEAR,number,1900,9999,,[dcmdd096]= '1',,RH,,,,
cmdd35a,major_depression,WORST EPISODE: DISTRESS,text,"I want to know how much your depression and other symptoms caused problems for you. Please look at the scale. 

INTERVIEWER: Remind child how to use scale, if necessary, and assess areas most pertinent to the disorder; e.g. family, school, peers. Participant Card 8 (Distress/Impairment)",,,,,,,,,,,,,
dcmdd100,major_depression,WORST EPISODE: DISTRESS,dropdown,"How much did your feeling (sad, grouchy, like nothing was fun) and (list other symptoms) upset or bother you?","0, 0 | 1, 1 | 2, 2 | 3, 3 | 4, 4 | 5, 5 | 6, 6 | 7, 7 | 8, 8 | 9, 9 | 10, 10 | 997, 997 | 998, 998 | 999, 999",CODE RESPONSE,autocomplete,0,10,,,,,,,,
dcmdd101,major_depression,WORST EPISODE: IMPAIRMENT,dropdown,"How much did your feeling (sad, grouchy, like nothing was fun) you told me about cause problems for you at home, at school, or with your family or friends?","0, 0 | 1, 1 | 2, 2 | 3, 3 | 4, 4 | 5, 5 | 6, 6 | 7, 7 | 8, 8 | 9, 9 | 10, 10 | 997, 997 | 998, 998 | 999, 999",CODE RESPONSE,autocomplete,0,10,,,,,,,,
dcmdd102,major_depression,WORST EPISODE: IMPAIRMENT,radio,Did you stay home from school because of the way you were feeling?,"0, No | 1, Yes | 9, Unk",,,,,,,,RH,,,,
dcmdd103,major_depression,WORST EPISODE: IMPAIRMENT,text,How many days of school did you miss? (episode),,DAYS,number,,,,[dcmdd102]= '1',,,,,,
dcmdd104,major_depression,WORST EPISODE: HELP-SEEKING TREATMENT (LIFETIME),radio,Did you or your parents ever try to find help from a doctor or other professional for (list symptoms)?,"0, No | 1, Yes| 9, Unk",,,,,,,,,,dcmdd104,,
dcmdd105,major_depression,WORST EPISODE: HELP-SEEKING TREATMENT (LIFETIME),radio,"Did anyone, like a teacher or family member, suggest that you get help for (list symptoms)?","0, No | 1, Yes| 9, Unk",,,,,,,,,,dcmdd104,,
dcmdd106,major_depression,WORST EPISODE: HELP-SEEKING TREATMENT (LIFETIME),radio,"Did you ever go to see a doctor, nurse, counselor, social worker, psychologist, priest/minister or other professional to get help for (list symptoms)?","0, No | 1, Yes| 9, Unk",,,,,,,,,,dcmdd104,,
cmdd39,major_depression,WORST EPISODE: HELP-SEEKING TREATMENT (LIFETIME),text,"What kind of person did you get help from?
Participant Card 13 (Professional/Treatment)",,,,,,,[dcmdd106]= '1',,,,,,
dcmdd107,major_depression,WORST EPISODE: HELP-SEEKING TREATMENT (LIFETIME),text,Specify (Professional/Treatment 1),,PROFESSIONAL/TREATMENT,,,,,[dcmdd106]= '1',,,,,,
dcmdd108,major_depression,WORST EPISODE: HELP-SEEKING TREATMENT (LIFETIME),text,Specify (Code 1),,CODE RESPONSE,number,,,,[dcmdd106]= '1',,,,,,
dcmdd109,major_depression,WORST EPISODE: HELP-SEEKING TREATMENT (LIFETIME),text,Specify (Professional/Treatment 2),,PROFESSIONAL/TREATMENT,,,,,[dcmdd106]= '1',,,,,,
dcmdd110,major_depression,WORST EPISODE: HELP-SEEKING TREATMENT (LIFETIME),text,Specify (Code 2),,CODE RESPONSE,number,,,,[dcmdd106]= '1',,,,,,
dcmdd111,major_depression,WORST EPISODE: HELP-SEEKING TREATMENT (LIFETIME),text,Specify (Professional/Treatment 3),,PROFESSIONAL/TREATMENT,,,,,[dcmdd106]= '1',,,,,,
dcmdd112,major_depression,WORST EPISODE: HELP-SEEKING TREATMENT (LIFETIME),text,Specify (Code 3),,CODE RESPONSE,number,,,,[dcmdd106]= '1',,,,,,
cmdd39b,major_depression,WORST EPISODE: HELP-SEEKING TREATMENT (LIFETIME),text,"
If from multiple people:
Who did you get help from the first time?",,,,,,,[dcmdd106]= '1',,,,,,
dcmdd113,major_depression,WORST EPISODE: HELP-SEEKING TREATMENT (LIFETIME),text,Specify (Professional/Treatment),,PROFESSIONAL/TREATMENT,,,,,[dcmdd106]= '1',,,,,,
dcmdd115,major_depression,WORST EPISODE: HELP-SEEKING TREATMENT (LIFETIME),text,Specify (Code),,CODE RESPONSE,number,,,,[dcmdd106]= '1',,,,,,
dcmdd116,major_depression,WORST EPISODE: HELP-SEEKING TREATMENT (LIFETIME),dropdown,How old were you the first time you got help?,"1, 1| 2, 2 | 3, 3| 4, 4| 5, 5| 6, 6|7, 7 | 8, 8 | 9, 9 | 10, 10 | 11, 11 | 12, 12 | 13, 13 | 14, 14 | 15, 15 | 16, 16 | 17, 17 | 18, 18 | 997, 997 | 998, 998 | 999, 999",AGE,autocomplete,,,,[dcmdd106]= '1',,,,,,
dcmdd117,major_depression,WORST EPISODE: HELP-SEEKING TREATMENT (LIFETIME),radio,Are you getting help now?,"0, No | 1, Yes | 9, Unk",,,,,,[dcmdd106]= '1',,RH,,,,
dcmdd118,major_depression,WORST EPISODE: HELP-SEEKING TREATMENT (LIFETIME),dropdown,"If no, how old were you the last time you got help?","1, 1| 2, 2 | 3, 3| 4, 4| 5, 5| 6, 6|7, 7 | 8, 8 | 9, 9 | 10, 10 | 11, 11 | 12, 12 | 13, 13 | 14, 14 | 15, 15 | 16, 16 | 17, 17 | 18, 18 | 997, 997 | 998, 998 | 999, 999",AGE,autocomplete,,,,[dcmdd117]= '0',,,,,,
dcmdd119,major_depression,WORST EPISODE: HELP-SEEKING TREATMENT (LIFETIME),radio,Did you get help during the first time we talked about?,"0, No | 1, Yes | 9, Unk",,,,,,[dcmdd106]= '1',,RH,,,,
dcmdd120,major_depression,WORST EPISODE: HELP-SEEKING TREATMENT (LIFETIME),notes,What did the professional say that you had (diagnoses given)? List:,,,,,,,[dcmdd106]= '1',,LH,,,,
dcmdd120a,major_depression,WORST EPISODE: HELP-SEEKING TREATMENT (LIFETIME),radio,What kind of treatment(s) have you gotten?,"0, No | 1, Yes | 9, Unk",,,,,,[dcmdd106]= '1',,,,dcmdd121,,
dcmdd121,major_depression,WORST EPISODE: HELP-SEEKING TREATMENT (LIFETIME),radio,Out-patient (Going to see someone in an office)?,"0, No | 1, Yes | 9, Unk",,,,,,[dcmdd106]= '1',,,,dcmdd121,,
dcmdd122,major_depression,WORST EPISODE: HELP-SEEKING TREATMENT (LIFETIME),radio,In-patient (Staying in a hospital)?,"0, No | 1, Yes | 9, Unk",,,,,,[dcmdd106]= '1',,,,dcmdd121,,
dcmdd123,major_depression,WORST EPISODE: HELP-SEEKING TREATMENT (LIFETIME),radio,Other?,"0, No | 1, Yes | 9, Unk",,,,,,[dcmdd106]= '1',,,,dcmdd121,,
dcmdd124,major_depression,WORST EPISODE: HELP-SEEKING TREATMENT (LIFETIME),notes,Specify (Other),,,,,,,[dcmdd123]= '1',,LH,,,,
dcmdd125,major_depression,WORST EPISODE: HELP-SEEKING TREATMENT (LIFETIME),radio,"Medications *Refer to Medication Card
Participant Card 9 (Medications)","0, No | 1, Yes | 9, Unk",,,,,,[dcmdd106]= '1',,RH,,,,
dcmdd126,major_depression,WORST EPISODE: HELP-SEEKING TREATMENT (LIFETIME),text,Specify (Medication 1),,MEDICATION,,,,,[dcmdd125]= '1',,RH,,,,
dcmdd127,major_depression,WORST EPISODE: HELP-SEEKING TREATMENT (LIFETIME),text,Specify (Code 1),,CODE RESPONSE,number,,,,[dcmdd125]= '1',,,,,,
dcmdd128,major_depression,WORST EPISODE: HELP-SEEKING TREATMENT (LIFETIME),text,Specify (Medication 2),,MEDICATION,,,,,[dcmdd125]= '1',,RH,,,,
dcmdd129,major_depression,WORST EPISODE: HELP-SEEKING TREATMENT (LIFETIME),text,Specify (Code 2),,CODE RESPONSE,number,,,,[dcmdd125]= '1',,,,,,
dcmdd130,major_depression,WORST EPISODE: HELP-SEEKING TREATMENT (LIFETIME),text,Specify (Medication 3),,MEDICATION,,,,,[dcmdd125]= '1',,RH,,,,
dcmdd131,major_depression,WORST EPISODE: HELP-SEEKING TREATMENT (LIFETIME),text,Specify (Code 3),,CODE RESPONSE,number,,,,[dcmdd125]= '1',,,,,,
dcmdd132,major_depression,WORST EPISODE: HELP-SEEKING TREATMENT (LIFETIME),text,Specify (Medication 4),,MEDICATION,,,,,[dcmdd125]= '1',,RH,,,,
dcmdd133,major_depression,WORST EPISODE: HELP-SEEKING TREATMENT (LIFETIME),text,Specify (Code 4),,CODE RESPONSE,number,,,,[dcmdd125]= '1',,,,,,
cmdd42,major_depression,EPISODES/COURSE (LIFETIME),text,"
INTERVIEWER: The following questions about course address episodes of depression across the lifetime.",,,,,,,,,,,,,
dcmdd134,major_depression,EPISODES/COURSE (LIFETIME),radio,"
INTERVIEWER: Is there more than one episode?","0, No | 1, Yes | 9, Unk",,,,,,,,RH,,,,
cmdd44,major_depression,EPISODES/COURSE (LIFETIME),text,"
INTERVIEWER: If No or Unknown, END Major Depression section.",,,,,,,[dcmdd134]= '0' or [dcmdd134]='9',,,,,,
cmdd45,major_depression,EPISODES/COURSE (LIFETIME),text,"
INTERVIEWER: Record age of onset and offset of the first episode, the worst episode, and most recent episode on the timeline.",,,,,,,[dcmdd134]= '1',,,,,,
dcmdd135,major_depression,"
FIRST LIFETIME EPISODE",dropdown,"How old were you the very first time in your life that you felt (sad, depressed/ grouchy, like nothing was fun)?","1, 1| 2, 2 | 3, 3| 4, 4| 5, 5| 6, 6|7, 7 | 8, 8 | 9, 9 | 10, 10 | 11, 11 | 12, 12 | 13, 13 | 14, 14 | 15, 15 | 16, 16 | 17, 17 | 18, 18 | 997, 997 | 998, 998 | 999, 999",AGE,,,,,,,,,,,
cmdd47,major_depression,"
FIRST LIFETIME EPISODE",text,"How long did it last? (N Days, Weeks)",,,autocomplete,,,,,,,,,,
dcmdd138,major_depression,"
FIRST LIFETIME EPISODE",dropdown,How old were you when it ended?,"1, 1| 2, 2 | 3, 3| 4, 4| 5, 5| 6, 6|7, 7 | 8, 8 | 9, 9 | 10, 10 | 11, 11 | 12, 12 | 13, 13 | 14, 14 | 15, 15 | 16, 16 | 17, 17 | 18, 18 | 997, 997 | 998, 998 | 999, 999",AGE,autocomplete,,,,,,,,,,
dcmdd139,major_depression,"
NUMBER OF EPISODES",text,"Including the times you just told me about, how many different times in your life have you felt (sad, grouchy, like nothing was fun)?",,NUMBER OF EPISODES,number,,,,,,,,,,
cmdd49,major_depression,"
NUMBER OF EPISODES",text,"How long did each of these episodes typically last? (N Days, Weeks, Months)",,,,,,,,,,,,,
cmdd51a,major_depression,"
DURATION OF EPISODES",text,"How long was the longest time you felt (sad, grouchy/,like nothing was fun)? (N Days, Weeks, Months)",,,,,,,,,,,,,
cmdd51,major_depression,"
DURATION OF EPISODES",text,"How long was the shortest time you felt this way? (N Days, Weeks, Months)",,,,,,,,,,,,,
cmdd52,major_depression,"
DURATION OF EPISODES",text,"How long do the (sad, depression, grouchy, like nothing was fun) feelings usually last? (N Days, Weeks, Months)",,,,,,,,,,,,,
dcmdd152,major_depression,"
DURATION OF EPISODES",radio,Have these sad feelings lasted most of the time for as long as one year?,"0, No | 1, Yes| 9, Unk",,,,,,,,,,dcmdd152,,
dcmdd153,major_depression,"
DURATION OF EPISODES",radio,"Would you say that you have been (sad, depressed, grouchy, like nothing was fun) more often than not during your lifetime?","0, No | 1, Yes| 9, Unk",,,,,,,,,,dcmdd152,,
dcmdd154,major_depression,"
SEASONAL VARIATION",radio,"Did you feel (sad/ grouchy/ like nothing was fun) at certain times of the year, like in the winter, spring, summer, or fall?","0, No pattern | 1, Winter | 2, Spring | 3, Summer | 4, Fall | 9, Unknown",,,,,,,,LH,,,,
cmdd54,major_depression,RETURN TO BASELINE,text,"I would now like to talk about the time in between the periods when you felt (sad, grouchy, like nothing was fun).",,,,,,,,,,,,,
dcmdd155,major_depression,RETURN TO BASELINE,radio,"Between these times, did you return to how you usually feel?","0, No | 1, Yes | 9, Unk",,,,,,,,RH,,,,
cmdd55,major_depression,ATYPICAL EPISODES,text,"


INTERVIEWER: If episode coded was atypical in nature, i.e., the respondent had symptoms of mood reactivity, overeating, oversleeping, interpersonal sensitivity and leaden paralysis, proceed.",,,,,,,,,,,,,
cmdd55a,major_depression,ATYPICAL EPISODES,text,"
You mentioned earlier that you had changes in your eating, sleeping, and sensitivity during the times that we discussed.  Did you have any of the following during other times that you were depressed that we did not talk about?",,,,,,,,,,,,,
dcmdd156,major_depression,ATYPICAL EPISODES,radio,Did you sleep more than usual?,"0, No | 1, Yes | 9, Unk",,,,,,,,,,dcmdd156,,
dcmdd157,major_depression,ATYPICAL EPISODES,radio,Were you more hungry or did you eat more?,"0, No | 1, Yes | 9, Unk",,,,,,,,,,dcmdd156,,
dcmdd158,major_depression,ATYPICAL EPISODES,radio,"Were you able to cheer up, at least temporarily, when something happened to make you feel better?","0, No | 1, Yes | 9, Unk",,,,,,,,,,dcmdd156,,
dcmdd159,major_depression,ATYPICAL EPISODES,radio,Were you more sensitive than usual? (like things hurt your feelings more),"0, No | 1, Yes | 9, Unk",,,,,,,,,,dcmdd156,,
dcmdd160,major_depression,ATYPICAL EPISODES,radio,"Did you feel weighed down, like your arms, legs were heavy or that you couldn't move?","0, No | 1, Yes | 9, Unk",,,,,,,,,,dcmdd156,,
cmdd_end,major_depression,,text,"
INTERVIEWER: END Major Depression section.
",,,,,,,,,,,,,
